序号,变量名,数据类型,隐藏初始值,初始值,掉电保持,网络公开,注释,软元件地址,
1,传感器状态_上位机,ST_BOOL16[10],,...,保持,公有,,R10000,
,传感器状态_上位机[0],ST_BOOL16,,,,,,,
,传感器状态_上位机[0].NO,BOOL[16],,,,,,,
,传感器状态_上位机[0].NO[0],BOOL,,OFF,,,TIP工位1,R10000.0,
,传感器状态_上位机[0].NO[1],BOOL,,OFF,,,TIP工位2,R10000.1,
,传感器状态_上位机[0].NO[2],BOOL,,,,,TIP工位3,R10000.2,
,传感器状态_上位机[0].NO[3],BOOL,,,,,TIP工位4,R10000.3,
,传感器状态_上位机[0].NO[4],BOOL,,,,,TIP工位5,R10000.4,
,传感器状态_上位机[0].NO[5],BOOL,,,,,TIP工位6,R10000.5,
,传感器状态_上位机[0].NO[6],BOOL,,OFF,,,未使用烧杯1-1,R10000.6,
,传感器状态_上位机[0].NO[7],BOOL,,OFF,,,未使用烧杯1-2,R10000.7,
,传感器状态_上位机[0].NO[8],BOOL,,OFF,,,未使用烧杯1-3,R10000.8,
,传感器状态_上位机[0].NO[9],BOOL,,OFF,,,未使用烧杯1-4,R10000.9,
,传感器状态_上位机[0].NO[10],BOOL,,OFF,,,未使用烧杯1-5,R10000.10,
,传感器状态_上位机[0].NO[11],BOOL,,OFF,,,未使用烧杯1-6,R10000.11,
,传感器状态_上位机[0].NO[12],BOOL,,OFF,,,未使用烧杯2-1,R10000.12,
,传感器状态_上位机[0].NO[13],BOOL,,OFF,,,未使用烧杯2-2,R10000.13,
,传感器状态_上位机[0].NO[14],BOOL,,OFF,,,未使用烧杯2-3,R10000.14,
,传感器状态_上位机[0].NO[15],BOOL,,OFF,,,未使用烧杯2-4,R10000.15,
,传感器状态_上位机[1],ST_BOOL16,,,,,,,
,传感器状态_上位机[1].NO,BOOL[16],,,,,,,
,传感器状态_上位机[1].NO[0],BOOL,,OFF,,,未使用烧杯2-5,R10001.0,
,传感器状态_上位机[1].NO[1],BOOL,,OFF,,,未使用烧杯2-6,R10001.1,
,传感器状态_上位机[1].NO[2],BOOL,,OFF,,,未使用烧杯3-1,R10001.2,
,传感器状态_上位机[1].NO[3],BOOL,,OFF,,,未使用烧杯3-2,R10001.3,
,传感器状态_上位机[1].NO[4],BOOL,,OFF,,,未使用烧杯3-3,R10001.4,
,传感器状态_上位机[1].NO[5],BOOL,,OFF,,,未使用烧杯3-4,R10001.5,
,传感器状态_上位机[1].NO[6],BOOL,,OFF,,,未使用烧杯3-5,R10001.6,
,传感器状态_上位机[1].NO[7],BOOL,,OFF,,,未使用烧杯3-6,R10001.7,
,传感器状态_上位机[1].NO[8],BOOL,,OFF,,,未使用样品瓶1-1,R10001.8,
,传感器状态_上位机[1].NO[9],BOOL,,OFF,,,未使用样品瓶1-2,R10001.9,
,传感器状态_上位机[1].NO[10],BOOL,,OFF,,,未使用样品瓶1-3,R10001.10,
,传感器状态_上位机[1].NO[11],BOOL,,OFF,,,未使用样品瓶1-4,R10001.11,
,传感器状态_上位机[1].NO[12],BOOL,,OFF,,,未使用样品瓶1-5,R10001.12,
,传感器状态_上位机[1].NO[13],BOOL,,OFF,,,未使用样品瓶1-6,R10001.13,
,传感器状态_上位机[1].NO[14],BOOL,,OFF,,,未使用样品瓶2-1,R10001.14,
,传感器状态_上位机[1].NO[15],BOOL,,OFF,,,未使用样品瓶2-2,R10001.15,
,传感器状态_上位机[2],ST_BOOL16,,,,,,,
,传感器状态_上位机[2].NO,BOOL[16],,,,,,,
,传感器状态_上位机[2].NO[0],BOOL,,OFF,,,未使用样品瓶2-3,R10002.0,
,传感器状态_上位机[2].NO[1],BOOL,,OFF,,,未使用样品瓶2-4,R10002.1,
,传感器状态_上位机[2].NO[2],BOOL,,OFF,,,未使用样品瓶2-5,R10002.2,
,传感器状态_上位机[2].NO[3],BOOL,,OFF,,,未使用样品瓶2-6,R10002.3,
,传感器状态_上位机[2].NO[4],BOOL,,OFF,,,未使用样品瓶3-1,R10002.4,
,传感器状态_上位机[2].NO[5],BOOL,,OFF,,,未使用样品瓶3-2,R10002.5,
,传感器状态_上位机[2].NO[6],BOOL,,OFF,,,未使用样品瓶3-3,R10002.6,
,传感器状态_上位机[2].NO[7],BOOL,,OFF,,,未使用样品瓶3-4,R10002.7,
,传感器状态_上位机[2].NO[8],BOOL,,OFF,,,未使用样品瓶3-5,R10002.8,
,传感器状态_上位机[2].NO[9],BOOL,,OFF,,,未使用样品瓶3-6,R10002.9,
,传感器状态_上位机[2].NO[10],BOOL,,OFF,,,搅拌1-1,R10002.10,
,传感器状态_上位机[2].NO[11],BOOL,,OFF,,,搅拌1-2,R10002.11,
,传感器状态_上位机[2].NO[12],BOOL,,OFF,,,搅拌1-3,R10002.12,
,传感器状态_上位机[2].NO[13],BOOL,,OFF,,,搅拌2-1,R10002.13,
,传感器状态_上位机[2].NO[14],BOOL,,OFF,,,搅拌2-2,R10002.14,
,传感器状态_上位机[2].NO[15],BOOL,,OFF,,,搅拌2-3,R10002.15,
,传感器状态_上位机[3],ST_BOOL16,,,,,,,
,传感器状态_上位机[3].NO,BOOL[16],,,,,,,
,传感器状态_上位机[3].NO[0],BOOL,,,,,拍照有料检测,R10003.0,
,传感器状态_上位机[3].NO[1],BOOL,,OFF,,,加溶剂检测,R10003.1,
,传感器状态_上位机[3].NO[2],BOOL,,OFF,,,,R10003.2,
,传感器状态_上位机[3].NO[3],BOOL,,OFF,,,,R10003.3,
,传感器状态_上位机[3].NO[4],BOOL,,OFF,,,,R10003.4,
,传感器状态_上位机[3].NO[5],BOOL,,OFF,,,,R10003.5,
,传感器状态_上位机[3].NO[6],BOOL,,OFF,,,,R10003.6,
,传感器状态_上位机[3].NO[7],BOOL,,OFF,,,,R10003.7,
,传感器状态_上位机[3].NO[8],BOOL,,OFF,,,固体粉末容器1-1,R10003.8,
,传感器状态_上位机[3].NO[9],BOOL,,OFF,,,固体粉末容器1-2,R10003.9,
,传感器状态_上位机[3].NO[10],BOOL,,OFF,,,固体粉末容器1-3,R10003.10,
,传感器状态_上位机[3].NO[11],BOOL,,OFF,,,固体粉末容器2-1,R10003.11,
,传感器状态_上位机[3].NO[12],BOOL,,OFF,,,固体粉末容器2-2,R10003.12,
,传感器状态_上位机[3].NO[13],BOOL,,OFF,,,固体粉末容器2-3,R10003.13,
,传感器状态_上位机[3].NO[14],BOOL,,,,,开盖工位1,R10003.14,
,传感器状态_上位机[3].NO[15],BOOL,,,,,开盖工位2,R10003.15,
,传感器状态_上位机[4],ST_BOOL16,,,,,,,
,传感器状态_上位机[4].NO,BOOL[16],,,,,,,
,传感器状态_上位机[4].NO[0],BOOL,,,,,放瓶盖工位1,R10004.0,
,传感器状态_上位机[4].NO[1],BOOL,,,,,放瓶盖工位2,R10004.1,
,传感器状态_上位机[4].NO[2],BOOL,,,,,放瓶盖工位3,R10004.2,
,传感器状态_上位机[4].NO[3],BOOL,,,,,放瓶盖工位4,R10004.3,
,传感器状态_上位机[4].NO[4],BOOL,,,,,放瓶盖工位5,R10004.4,
,传感器状态_上位机[4].NO[5],BOOL,,,,,TIP试剂盒检测1,R10004.5,
,传感器状态_上位机[4].NO[6],BOOL,,,,,TIP试剂盒检测2,R10004.6,
,传感器状态_上位机[4].NO[7],BOOL,,,,,加液体工位1,R10004.7,
,传感器状态_上位机[4].NO[8],BOOL,,,,,加液体工位2,R10004.8,
,传感器状态_上位机[4].NO[9],BOOL,,,,,加液体工位3,R10004.9,
,传感器状态_上位机[4].NO[10],BOOL,,,,,加液体工位4,R10004.10,
,传感器状态_上位机[4].NO[11],BOOL,,,,,加液体工位5,R10004.11,
,传感器状态_上位机[4].NO[12],BOOL,,OFF,,,液体试剂瓶1-1,R10004.12,
,传感器状态_上位机[4].NO[13],BOOL,,OFF,,,液体试剂瓶1-2,R10004.13,
,传感器状态_上位机[4].NO[14],BOOL,,OFF,,,液体试剂瓶1-3,R10004.14,
,传感器状态_上位机[4].NO[15],BOOL,,OFF,,,液体试剂瓶1-4,R10004.15,
,传感器状态_上位机[5],ST_BOOL16,,,,,,,
,传感器状态_上位机[5].NO,BOOL[16],,,,,,,
,传感器状态_上位机[5].NO[0],BOOL,,OFF,,,液体试剂瓶1-5,R10005.0,
,传感器状态_上位机[5].NO[1],BOOL,,OFF,,,液体试剂瓶2-1,R10005.1,
,传感器状态_上位机[5].NO[2],BOOL,,OFF,,,液体试剂瓶2-2,R10005.2,
,传感器状态_上位机[5].NO[3],BOOL,,OFF,,,液体试剂瓶2-3,R10005.3,
,传感器状态_上位机[5].NO[4],BOOL,,OFF,,,液体试剂瓶2-4,R10005.4,
,传感器状态_上位机[5].NO[5],BOOL,,OFF,,,液体试剂瓶2-5,R10005.5,
,传感器状态_上位机[5].NO[6],BOOL,,OFF,,,液体试剂瓶3-1,R10005.6,
,传感器状态_上位机[5].NO[7],BOOL,,OFF,,,液体试剂瓶3-2,R10005.7,
,传感器状态_上位机[5].NO[8],BOOL,,OFF,,,液体试剂瓶3-3,R10005.8,
,传感器状态_上位机[5].NO[9],BOOL,,OFF,,,液体试剂瓶3-4,R10005.9,
,传感器状态_上位机[5].NO[10],BOOL,,OFF,,,液体试剂瓶3-5,R10005.10,
,传感器状态_上位机[5].NO[11],BOOL,,OFF,,,液体试剂瓶4-1,R10005.11,
,传感器状态_上位机[5].NO[12],BOOL,,OFF,,,液体试剂瓶4-2,R10005.12,
,传感器状态_上位机[5].NO[13],BOOL,,OFF,,,液体试剂瓶4-3,R10005.13,
,传感器状态_上位机[5].NO[14],BOOL,,OFF,,,液体试剂瓶4-4,R10005.14,
,传感器状态_上位机[5].NO[15],BOOL,,OFF,,,液体试剂瓶4-5,R10005.15,
,传感器状态_上位机[6],ST_BOOL16,,,,,,,
,传感器状态_上位机[6].NO,BOOL[16],,,,,,,
,传感器状态_上位机[6].NO[0],BOOL,,OFF,,,使用烧杯1-1,R10006.0,
,传感器状态_上位机[6].NO[1],BOOL,,OFF,,,使用烧杯1-2,R10006.1,
,传感器状态_上位机[6].NO[2],BOOL,,OFF,,,使用烧杯1-3,R10006.2,
,传感器状态_上位机[6].NO[3],BOOL,,OFF,,,使用烧杯1-4,R10006.3,
,传感器状态_上位机[6].NO[4],BOOL,,OFF,,,使用烧杯1-5,R10006.4,
,传感器状态_上位机[6].NO[5],BOOL,,OFF,,,使用烧杯1-6,R10006.5,
,传感器状态_上位机[6].NO[6],BOOL,,OFF,,,使用烧杯2-1,R10006.6,
,传感器状态_上位机[6].NO[7],BOOL,,OFF,,,使用烧杯2-2,R10006.7,
,传感器状态_上位机[6].NO[8],BOOL,,OFF,,,使用烧杯2-3,R10006.8,
,传感器状态_上位机[6].NO[9],BOOL,,OFF,,,使用烧杯2-4,R10006.9,
,传感器状态_上位机[6].NO[10],BOOL,,OFF,,,使用烧杯2-5,R10006.10,
,传感器状态_上位机[6].NO[11],BOOL,,OFF,,,使用烧杯2-6,R10006.11,
,传感器状态_上位机[6].NO[12],BOOL,,OFF,,,使用烧杯3-1,R10006.12,
,传感器状态_上位机[6].NO[13],BOOL,,OFF,,,使用烧杯3-2,R10006.13,
,传感器状态_上位机[6].NO[14],BOOL,,OFF,,,使用烧杯3-3,R10006.14,
,传感器状态_上位机[6].NO[15],BOOL,,OFF,,,使用烧杯3-4,R10006.15,
,传感器状态_上位机[7],ST_BOOL16,,,,,,,
,传感器状态_上位机[7].NO,BOOL[16],,,,,,,
,传感器状态_上位机[7].NO[0],BOOL,,OFF,,,使用烧杯3-5,R10007.0,
,传感器状态_上位机[7].NO[1],BOOL,,OFF,,,使用烧杯3-6,R10007.1,
,传感器状态_上位机[7].NO[2],BOOL,,OFF,,,使用样品瓶1-1,R10007.2,
,传感器状态_上位机[7].NO[3],BOOL,,OFF,,,使用样品瓶1-2,R10007.3,
,传感器状态_上位机[7].NO[4],BOOL,,OFF,,,使用样品瓶1-3,R10007.4,
,传感器状态_上位机[7].NO[5],BOOL,,OFF,,,使用样品瓶1-4,R10007.5,
,传感器状态_上位机[7].NO[6],BOOL,,OFF,,,使用样品瓶1-5,R10007.6,
,传感器状态_上位机[7].NO[7],BOOL,,OFF,,,使用样品瓶1-6,R10007.7,
,传感器状态_上位机[7].NO[8],BOOL,,OFF,,,使用样品瓶2-1,R10007.8,
,传感器状态_上位机[7].NO[9],BOOL,,OFF,,,使用样品瓶2-2,R10007.9,
,传感器状态_上位机[7].NO[10],BOOL,,OFF,,,使用样品瓶2-3,R10007.10,
,传感器状态_上位机[7].NO[11],BOOL,,OFF,,,使用样品瓶2-4,R10007.11,
,传感器状态_上位机[7].NO[12],BOOL,,OFF,,,使用样品瓶2-5,R10007.12,
,传感器状态_上位机[7].NO[13],BOOL,,OFF,,,使用样品瓶2-6,R10007.13,
,传感器状态_上位机[7].NO[14],BOOL,,OFF,,,使用样品瓶3-1,R10007.14,
,传感器状态_上位机[7].NO[15],BOOL,,OFF,,,使用样品瓶3-2,R10007.15,
,传感器状态_上位机[8],ST_BOOL16,,,,,,,
,传感器状态_上位机[8].NO,BOOL[16],,,,,,,
,传感器状态_上位机[8].NO[0],BOOL,,OFF,,,使用样品瓶3-3,R10008.0,
,传感器状态_上位机[8].NO[1],BOOL,,OFF,,,使用样品瓶3-4,R10008.1,
,传感器状态_上位机[8].NO[2],BOOL,,OFF,,,使用样品瓶3-5,R10008.2,
,传感器状态_上位机[8].NO[3],BOOL,,OFF,,,使用样品瓶3-6,R10008.3,
,传感器状态_上位机[8].NO[4],BOOL,,OFF,,,,R10008.4,
,传感器状态_上位机[8].NO[5],BOOL,,OFF,,,,R10008.5,
,传感器状态_上位机[8].NO[6],BOOL,,OFF,,,,R10008.6,
,传感器状态_上位机[8].NO[7],BOOL,,OFF,,,,R10008.7,
,传感器状态_上位机[8].NO[8],BOOL,,OFF,,,,R10008.8,
,传感器状态_上位机[8].NO[9],BOOL,,OFF,,,,R10008.9,
,传感器状态_上位机[8].NO[10],BOOL,,OFF,,,,R10008.10,
,传感器状态_上位机[8].NO[11],BOOL,,OFF,,,,R10008.11,
,传感器状态_上位机[8].NO[12],BOOL,,OFF,,,,R10008.12,
,传感器状态_上位机[8].NO[13],BOOL,,OFF,,,,R10008.13,
,传感器状态_上位机[8].NO[14],BOOL,,OFF,,,,R10008.14,
,传感器状态_上位机[8].NO[15],BOOL,,OFF,,,,R10008.15,
,传感器状态_上位机[9],ST_BOOL16,,,,,,,
,传感器状态_上位机[9].NO,BOOL[16],,,,,,,
,传感器状态_上位机[9].NO[0],BOOL,,OFF,,,,R10009.0,
,传感器状态_上位机[9].NO[1],BOOL,,OFF,,,,R10009.1,
,传感器状态_上位机[9].NO[2],BOOL,,OFF,,,,R10009.2,
,传感器状态_上位机[9].NO[3],BOOL,,OFF,,,,R10009.3,
,传感器状态_上位机[9].NO[4],BOOL,,OFF,,,,R10009.4,
,传感器状态_上位机[9].NO[5],BOOL,,OFF,,,,R10009.5,
,传感器状态_上位机[9].NO[6],BOOL,,OFF,,,,R10009.6,
,传感器状态_上位机[9].NO[7],BOOL,,OFF,,,,R10009.7,
,传感器状态_上位机[9].NO[8],BOOL,,OFF,,,,R10009.8,
,传感器状态_上位机[9].NO[9],BOOL,,OFF,,,,R10009.9,
,传感器状态_上位机[9].NO[10],BOOL,,OFF,,,,R10009.10,
,传感器状态_上位机[9].NO[11],BOOL,,OFF,,,,R10009.11,
,传感器状态_上位机[9].NO[12],BOOL,,OFF,,,,R10009.12,
,传感器状态_上位机[9].NO[13],BOOL,,OFF,,,,R10009.13,
,传感器状态_上位机[9].NO[14],BOOL,,OFF,,,,R10009.14,
,传感器状态_上位机[9].NO[15],BOOL,,OFF,,,,R10009.15,
2,物料二维码_上位机,INT[30],,...,保持,公有,,R10010,
,物料二维码_上位机[0],INT,,0,,,,R10010,
,物料二维码_上位机[1],INT,,0,,,,R10011,
,物料二维码_上位机[2],INT,,0,,,,R10012,
,物料二维码_上位机[3],INT,,0,,,,R10013,
,物料二维码_上位机[4],INT,,0,,,,R10014,
,物料二维码_上位机[5],INT,,0,,,,R10015,
,物料二维码_上位机[6],INT,,0,,,,R10016,
,物料二维码_上位机[7],INT,,0,,,,R10017,
,物料二维码_上位机[8],INT,,0,,,,R10018,
,物料二维码_上位机[9],INT,,0,,,,R10019,
,物料二维码_上位机[10],INT,,0,,,,R10020,
,物料二维码_上位机[11],INT,,0,,,,R10021,
,物料二维码_上位机[12],INT,,0,,,,R10022,
,物料二维码_上位机[13],INT,,0,,,,R10023,
,物料二维码_上位机[14],INT,,0,,,,R10024,
,物料二维码_上位机[15],INT,,0,,,,R10025,
,物料二维码_上位机[16],INT,,0,,,,R10026,
,物料二维码_上位机[17],INT,,0,,,,R10027,
,物料二维码_上位机[18],INT,,0,,,,R10028,
,物料二维码_上位机[19],INT,,0,,,,R10029,
,物料二维码_上位机[20],INT,,0,,,,R10030,
,物料二维码_上位机[21],INT,,0,,,,R10031,
,物料二维码_上位机[22],INT,,0,,,,R10032,
,物料二维码_上位机[23],INT,,0,,,,R10033,
,物料二维码_上位机[24],INT,,0,,,,R10034,
,物料二维码_上位机[25],INT,,0,,,,R10035,
,物料二维码_上位机[26],INT,,0,,,,R10036,
,物料二维码_上位机[27],INT,,0,,,,R10037,
,物料二维码_上位机[28],INT,,0,,,,R10038,
,物料二维码_上位机[29],INT,,0,,,,R10039,
3,S04数据清空,BOOL,,OFF,保持,私有,,R10100.4,
4,S041准备信号,BOOL,,OFF,保持,公有,磁搅1_PLC TO PC 设备可以取放料,R10100.0,
5,S041磁搅状态,INT,,0,保持,公有,磁搅1_PLC TO PC  1空闲，2Busy,R10101,
6,S041允许加工,BOOL,,OFF,保持,公有,磁搅1_PLC TO PC 放料完成等待参数下发,R10100.1,
7,S041磁搅工艺选择,INT,,0,保持,公有,磁搅工位1_PC TO PLC 1搅拌，2加热，3搅拌+加热,R10102,
8,S041参数写入完成,BOOL,,OFF,保持,公有,磁搅工位1_PC TO PLC ,R10100.2,
9,S041加工完成,BOOL,,OFF,保持,公有,磁搅工位1_PLC TO PC,R10100.3,
10,S042准备信号,BOOL,,OFF,保持,公有,磁搅工位2_PLC TO PC 设备可以取放料,R10110.0,
11,S042磁搅状态,INT,,0,保持,公有,磁搅工位2_PLC TO PC  1空闲，2Busy,R10111,
12,S042允许加工,BOOL,,OFF,保持,公有,磁搅工位2_PLC TO PC 放料完成等待参数下发,R10110.1,
13,S042磁搅工艺选择,INT,,0,保持,公有,磁搅工位2_PC TO PLC 1搅拌，2加热，3搅拌+加热,R10112,
14,S042参数写入完成,BOOL,,OFF,保持,公有,磁搅工位2_PC TO PLC ,R10110.2,
15,S042加工完成,BOOL,,OFF,保持,公有,磁搅工位2_PLC TO PC,R10110.3,
16,S043准备信号,BOOL,,OFF,保持,公有,磁搅工位3_PLC TO PC 设备可以取放料,R10120.0,
17,S043磁搅状态,INT,,0,保持,公有,磁搅工位3_PLC TO PC  1空闲，2Busy,R10121,
18,S043允许加工,BOOL,,OFF,保持,公有,磁搅工位3_PLC TO PC 放料完成等待参数下发,R10120.1,
19,S043磁搅工艺选择,INT,,0,保持,公有,磁搅工位3_PC TO PLC 1搅拌，2加热，3搅拌+加热,R10122,
20,S043参数写入完成,BOOL,,OFF,保持,公有,磁搅工位3_PC TO PLC ,R10120.2,
21,S043加工完成,BOOL,,OFF,保持,公有,磁搅工位3_PLC TO PC,R10120.3,
22,S044准备信号,BOOL,,OFF,保持,公有,磁搅工位4_PLC TO PC 设备可以取放料,R10130.0,
23,S044磁搅状态,INT,,0,保持,公有,磁搅工位4_PLC TO PC  1空闲，2Busy,R10131,
24,S044允许加工,BOOL,,OFF,保持,公有,磁搅工位4_PLC TO PC 放料完成等待参数下发,R10130.1,
25,S044磁搅工艺选择,INT,,0,保持,公有,磁搅工位4_PC TO PLC 1搅拌，2加热，3搅拌+加热,R10132,
26,S044参数写入完成,BOOL,,OFF,保持,公有,磁搅工位4_PC TO PLC ,R10130.2,
27,S044加工完成,BOOL,,OFF,保持,公有,磁搅工位4_PLC TO PC,R10130.3,
28,S045准备信号,BOOL,,OFF,保持,公有,磁搅工位5_PLC TO PC 设备可以取放料,R10140.0,
29,S045磁搅状态,INT,,0,保持,公有,磁搅工位5_PLC TO PC  1空闲，2Busy,R10141,
30,S045允许加工,BOOL,,OFF,保持,公有,磁搅工位5_PLC TO PC 放料完成等待参数下发,R10140.1,
31,S045磁搅工艺选择,INT,,0,保持,公有,磁搅工位5_PC TO PLC 1搅拌，2加热，3搅拌+加热,R10142,
32,S045参数写入完成,BOOL,,OFF,保持,公有,磁搅工位5_PC TO PLC ,R10140.2,
33,S045加工完成,BOOL,,OFF,保持,公有,磁搅工位5_PLC TO PC,R10140.3,
34,S046准备信号,BOOL,,OFF,保持,公有,磁搅工位6_PLC TO PC 设备可以取放料,R10150.0,
35,S046磁搅状态,INT,,0,保持,公有,磁搅工位6_PLC TO PC  1空闲，2Busy,R10151,
36,S046允许加工,BOOL,,OFF,保持,公有,磁搅工位6_PLC TO PC 放料完成等待参数下发,R10150.1,
37,S046磁搅工艺选择,INT,,0,保持,公有,磁搅工位6_PC TO PLC 1搅拌，2加热，3搅拌+加热,R10152,
38,S046参数写入完成,BOOL,,OFF,保持,公有,磁搅工位6_PC TO PLC ,R10150.2,
39,S046加工完成,BOOL,,OFF,保持,公有,磁搅工位6_PLC TO PC,R10150.3,
40,磁搅温度反馈_上位机,REAL[6],,...,保持,公有,,R10160,
,磁搅温度反馈_上位机[0],REAL,,0.000000,,,,R10160,
,磁搅温度反馈_上位机[1],REAL,,0.000000,,,,R10162,
,磁搅温度反馈_上位机[2],REAL,,0.000000,,,,R10164,
,磁搅温度反馈_上位机[3],REAL,,0.000000,,,,R10166,
,磁搅温度反馈_上位机[4],REAL,,0.000000,,,,R10168,
,磁搅温度反馈_上位机[5],REAL,,0.000000,,,,R10170,
41,磁搅速度设置_上位机,INT[6],,...,保持,公有,,R10180,
,磁搅速度设置_上位机[0],INT,,0,,,,R10180,
,磁搅速度设置_上位机[1],INT,,0,,,,R10181,
,磁搅速度设置_上位机[2],INT,,0,,,,R10182,
,磁搅速度设置_上位机[3],INT,,0,,,,R10183,
,磁搅速度设置_上位机[4],INT,,0,,,,R10184,
,磁搅速度设置_上位机[5],INT,,0,,,,R10185,
42,磁搅温度设置_上位机,INT[6],,...,保持,公有,,R10190,
,磁搅温度设置_上位机[0],INT,,0,,,,R10190,
,磁搅温度设置_上位机[1],INT,,0,,,,R10191,
,磁搅温度设置_上位机[2],INT,,0,,,,R10192,
,磁搅温度设置_上位机[3],INT,,0,,,,R10193,
,磁搅温度设置_上位机[4],INT,,0,,,,R10194,
,磁搅温度设置_上位机[5],INT,,0,,,,R10195,
43,磁搅时间设置_上位机,DINT[6],,...,保持,公有,,R10200,
,磁搅时间设置_上位机[0],DINT,,30000,,,,R10200,
,磁搅时间设置_上位机[1],DINT,,30000,,,,R10202,
,磁搅时间设置_上位机[2],DINT,,30000,,,,R10204,
,磁搅时间设置_上位机[3],DINT,,30000,,,,R10206,
,磁搅时间设置_上位机[4],DINT,,30000,,,,R10208,
,磁搅时间设置_上位机[5],DINT,,30000,,,,R10210,
44,磁搅安全温度设置_上位机,INT[6],,...,保持,公有,,R10220,
,磁搅安全温度设置_上位机[0],INT,,0,,,,R10220,
,磁搅安全温度设置_上位机[1],INT,,0,,,,R10221,
,磁搅安全温度设置_上位机[2],INT,,0,,,,R10222,
,磁搅安全温度设置_上位机[3],INT,,0,,,,R10223,
,磁搅安全温度设置_上位机[4],INT,,0,,,,R10224,
,磁搅安全温度设置_上位机[5],INT,,0,,,,R10225,
45,S05准备信号,BOOL,,OFF,保持,公有,拍照工位机器人可取放料 PLC TO PC,R10230.0,
46,S05数据,INT[30],,...,保持,公有,S05 PC-PLC 照片命名,,
,S05数据[0],INT,,16705,,,,,
,S05数据[1],INT,,16962,,,,,
,S05数据[2],INT,,16705,,,,,
,S05数据[3],INT,,16962,,,,,
,S05数据[4],INT,,16705,,,,,
,S05数据[5],INT,,16962,,,,,
,S05数据[6],INT,,16705,,,,,
,S05数据[7],INT,,16962,,,,,
,S05数据[8],INT,,0,,,,,
,S05数据[9],INT,,0,,,,,
,S05数据[10],INT,,0,,,,,
,S05数据[11],INT,,0,,,,,
,S05数据[12],INT,,0,,,,,
,S05数据[13],INT,,0,,,,,
,S05数据[14],INT,,0,,,,,
,S05数据[15],INT,,0,,,,,
,S05数据[16],INT,,0,,,,,
,S05数据[17],INT,,0,,,,,
,S05数据[18],INT,,0,,,,,
,S05数据[19],INT,,0,,,,,
,S05数据[20],INT,,0,,,,,
,S05数据[21],INT,,0,,,,,
,S05数据[22],INT,,0,,,,,
,S05数据[23],INT,,0,,,,,
,S05数据[24],INT,,0,,,,,
,S05数据[25],INT,,0,,,,,
,S05数据[26],INT,,0,,,,,
,S05数据[27],INT,,0,,,,,
,S05数据[28],INT,,0,,,,,
,S05数据[29],INT,,0,,,,,
47,S05拍照结果,INT,,0,保持,公有,"拍照1OK,2NG  PLC TO PC",R10231,
48,S05加工完成,BOOL,,OFF,保持,公有,拍照工位完成 PLC TO PC,R10230.1,
49,S06准备信号,BOOL,,OFF,保持,公有,加溶液工位  PLC TO PC,R10300.0,
50,S06允许加工,BOOL,,OFF,保持,公有,加溶液工位  放料完成等待参数下发 PLC TO PC,R10300.1,
51,S06工艺选择,INT,,0,保持,公有,加溶液工位参数  PC TO PLC 1.只加1号溶液，2.只加2号溶液，3.1和2溶液都添加,R10301,
52,S06_1号溶液添加量,INT,,5,保持,公有,加溶液工位参数  PC TO PLC,R10302,
53,S06_2号溶液添加量,INT,,8,保持,公有,加溶液工位参数  PC TO PLC,R10303,
54,S06参数写入完成,BOOL,,OFF,保持,公有,加溶液工位  PC TO PLC,R10300.2,
55,S06加工完成,BOOL,,OFF,保持,公有,加溶液工位  PLC TO PC,R10300.3,
56,S06数据清空,BOOL,,OFF,保持,私有,,R10300.4,
57,S08原点信号,BOOL,,OFF,保持,公有,S08开关盖工位-PLC TO PC,R10400.0,
58,S082瓶盖暂存位,INT,,0,保持,公有,取放瓶盖工位 PC TO PLC  1-5,R10401,
59,S08允许加工,BOOL,,OFF,保持,公有,S08开关盖工位-PLC TO PC ,R10400.1,
60,S08工艺选择,INT,,0,保持,公有,S08开关盖工位-PC TO PLC 1-6,R10402,
61,S08参数写入完成,BOOL,,OFF,保持,公有,S08开关盖工位-PC TO PLC,R10400.2,
62,S08工艺完成,INT,,0,保持,公有,S08开关盖工位-PLC TO PC 1-6,R10403,
63,S082_1数据缓存,INT[30],,...,保持,公有,放瓶盖工位1二维码数据存放 PC-PLC,,
,S082_1数据缓存[0],INT,,0,,,,,
,S082_1数据缓存[1],INT,,0,,,,,
,S082_1数据缓存[2],INT,,0,,,,,
,S082_1数据缓存[3],INT,,0,,,,,
,S082_1数据缓存[4],INT,,0,,,,,
,S082_1数据缓存[5],INT,,0,,,,,
,S082_1数据缓存[6],INT,,0,,,,,
,S082_1数据缓存[7],INT,,0,,,,,
,S082_1数据缓存[8],INT,,0,,,,,
,S082_1数据缓存[9],INT,,0,,,,,
,S082_1数据缓存[10],INT,,0,,,,,
,S082_1数据缓存[11],INT,,0,,,,,
,S082_1数据缓存[12],INT,,0,,,,,
,S082_1数据缓存[13],INT,,0,,,,,
,S082_1数据缓存[14],INT,,0,,,,,
,S082_1数据缓存[15],INT,,0,,,,,
,S082_1数据缓存[16],INT,,0,,,,,
,S082_1数据缓存[17],INT,,0,,,,,
,S082_1数据缓存[18],INT,,0,,,,,
,S082_1数据缓存[19],INT,,0,,,,,
,S082_1数据缓存[20],INT,,0,,,,,
,S082_1数据缓存[21],INT,,0,,,,,
,S082_1数据缓存[22],INT,,0,,,,,
,S082_1数据缓存[23],INT,,0,,,,,
,S082_1数据缓存[24],INT,,0,,,,,
,S082_1数据缓存[25],INT,,0,,,,,
,S082_1数据缓存[26],INT,,0,,,,,
,S082_1数据缓存[27],INT,,0,,,,,
,S082_1数据缓存[28],INT,,0,,,,,
,S082_1数据缓存[29],INT,,0,,,,,
64,S082_2数据缓存,INT[30],,...,保持,公有,放瓶盖工位2二维码数据存放 PC-PLC,,
,S082_2数据缓存[0],INT,,0,,,,,
,S082_2数据缓存[1],INT,,0,,,,,
,S082_2数据缓存[2],INT,,0,,,,,
,S082_2数据缓存[3],INT,,0,,,,,
,S082_2数据缓存[4],INT,,0,,,,,
,S082_2数据缓存[5],INT,,0,,,,,
,S082_2数据缓存[6],INT,,0,,,,,
,S082_2数据缓存[7],INT,,0,,,,,
,S082_2数据缓存[8],INT,,0,,,,,
,S082_2数据缓存[9],INT,,0,,,,,
,S082_2数据缓存[10],INT,,0,,,,,
,S082_2数据缓存[11],INT,,0,,,,,
,S082_2数据缓存[12],INT,,0,,,,,
,S082_2数据缓存[13],INT,,0,,,,,
,S082_2数据缓存[14],INT,,0,,,,,
,S082_2数据缓存[15],INT,,0,,,,,
,S082_2数据缓存[16],INT,,0,,,,,
,S082_2数据缓存[17],INT,,0,,,,,
,S082_2数据缓存[18],INT,,0,,,,,
,S082_2数据缓存[19],INT,,0,,,,,
,S082_2数据缓存[20],INT,,0,,,,,
,S082_2数据缓存[21],INT,,0,,,,,
,S082_2数据缓存[22],INT,,0,,,,,
,S082_2数据缓存[23],INT,,0,,,,,
,S082_2数据缓存[24],INT,,0,,,,,
,S082_2数据缓存[25],INT,,0,,,,,
,S082_2数据缓存[26],INT,,0,,,,,
,S082_2数据缓存[27],INT,,0,,,,,
,S082_2数据缓存[28],INT,,0,,,,,
,S082_2数据缓存[29],INT,,0,,,,,
65,S082_3数据缓存,INT[30],,...,保持,公有,放瓶盖工位3二维码数据存放 PC-PLC,,
,S082_3数据缓存[0],INT,,0,,,,,
,S082_3数据缓存[1],INT,,0,,,,,
,S082_3数据缓存[2],INT,,0,,,,,
,S082_3数据缓存[3],INT,,0,,,,,
,S082_3数据缓存[4],INT,,0,,,,,
,S082_3数据缓存[5],INT,,0,,,,,
,S082_3数据缓存[6],INT,,0,,,,,
,S082_3数据缓存[7],INT,,0,,,,,
,S082_3数据缓存[8],INT,,0,,,,,
,S082_3数据缓存[9],INT,,0,,,,,
,S082_3数据缓存[10],INT,,0,,,,,
,S082_3数据缓存[11],INT,,0,,,,,
,S082_3数据缓存[12],INT,,0,,,,,
,S082_3数据缓存[13],INT,,0,,,,,
,S082_3数据缓存[14],INT,,0,,,,,
,S082_3数据缓存[15],INT,,0,,,,,
,S082_3数据缓存[16],INT,,0,,,,,
,S082_3数据缓存[17],INT,,0,,,,,
,S082_3数据缓存[18],INT,,0,,,,,
,S082_3数据缓存[19],INT,,0,,,,,
,S082_3数据缓存[20],INT,,0,,,,,
,S082_3数据缓存[21],INT,,0,,,,,
,S082_3数据缓存[22],INT,,0,,,,,
,S082_3数据缓存[23],INT,,0,,,,,
,S082_3数据缓存[24],INT,,0,,,,,
,S082_3数据缓存[25],INT,,0,,,,,
,S082_3数据缓存[26],INT,,0,,,,,
,S082_3数据缓存[27],INT,,0,,,,,
,S082_3数据缓存[28],INT,,0,,,,,
,S082_3数据缓存[29],INT,,0,,,,,
66,S082_4数据缓存,INT[30],,...,保持,公有,放瓶盖工位4二维码数据存放 PC-PLC,,
,S082_4数据缓存[0],INT,,0,,,,,
,S082_4数据缓存[1],INT,,0,,,,,
,S082_4数据缓存[2],INT,,0,,,,,
,S082_4数据缓存[3],INT,,0,,,,,
,S082_4数据缓存[4],INT,,0,,,,,
,S082_4数据缓存[5],INT,,0,,,,,
,S082_4数据缓存[6],INT,,0,,,,,
,S082_4数据缓存[7],INT,,0,,,,,
,S082_4数据缓存[8],INT,,0,,,,,
,S082_4数据缓存[9],INT,,0,,,,,
,S082_4数据缓存[10],INT,,0,,,,,
,S082_4数据缓存[11],INT,,0,,,,,
,S082_4数据缓存[12],INT,,0,,,,,
,S082_4数据缓存[13],INT,,0,,,,,
,S082_4数据缓存[14],INT,,0,,,,,
,S082_4数据缓存[15],INT,,0,,,,,
,S082_4数据缓存[16],INT,,0,,,,,
,S082_4数据缓存[17],INT,,0,,,,,
,S082_4数据缓存[18],INT,,0,,,,,
,S082_4数据缓存[19],INT,,0,,,,,
,S082_4数据缓存[20],INT,,0,,,,,
,S082_4数据缓存[21],INT,,0,,,,,
,S082_4数据缓存[22],INT,,0,,,,,
,S082_4数据缓存[23],INT,,0,,,,,
,S082_4数据缓存[24],INT,,0,,,,,
,S082_4数据缓存[25],INT,,0,,,,,
,S082_4数据缓存[26],INT,,0,,,,,
,S082_4数据缓存[27],INT,,0,,,,,
,S082_4数据缓存[28],INT,,0,,,,,
,S082_4数据缓存[29],INT,,0,,,,,
67,S082_5数据缓存,INT[30],,...,保持,公有,放瓶盖工位5二维码数据存放 PC-PLC,,
,S082_5数据缓存[0],INT,,0,,,,,
,S082_5数据缓存[1],INT,,0,,,,,
,S082_5数据缓存[2],INT,,0,,,,,
,S082_5数据缓存[3],INT,,0,,,,,
,S082_5数据缓存[4],INT,,0,,,,,
,S082_5数据缓存[5],INT,,0,,,,,
,S082_5数据缓存[6],INT,,0,,,,,
,S082_5数据缓存[7],INT,,0,,,,,
,S082_5数据缓存[8],INT,,0,,,,,
,S082_5数据缓存[9],INT,,0,,,,,
,S082_5数据缓存[10],INT,,0,,,,,
,S082_5数据缓存[11],INT,,0,,,,,
,S082_5数据缓存[12],INT,,0,,,,,
,S082_5数据缓存[13],INT,,0,,,,,
,S082_5数据缓存[14],INT,,0,,,,,
,S082_5数据缓存[15],INT,,0,,,,,
,S082_5数据缓存[16],INT,,0,,,,,
,S082_5数据缓存[17],INT,,0,,,,,
,S082_5数据缓存[18],INT,,0,,,,,
,S082_5数据缓存[19],INT,,0,,,,,
,S082_5数据缓存[20],INT,,0,,,,,
,S082_5数据缓存[21],INT,,0,,,,,
,S082_5数据缓存[22],INT,,0,,,,,
,S082_5数据缓存[23],INT,,0,,,,,
,S082_5数据缓存[24],INT,,0,,,,,
,S082_5数据缓存[25],INT,,0,,,,,
,S082_5数据缓存[26],INT,,0,,,,,
,S082_5数据缓存[27],INT,,0,,,,,
,S082_5数据缓存[28],INT,,0,,,,,
,S082_5数据缓存[29],INT,,0,,,,,
68,S08数据清空,BOOL,,OFF,保持,私有,,R10400.3,
69,S09原点信号_1,BOOL,,OFF,保持,公有,加液工位-PLC TO PC,R10500.0,
70,S09原点信号_2,BOOL,,OFF,保持,公有,加液工位-PLC TO PC,R10500.1,
71,S09原点信号_3,BOOL,,OFF,保持,公有,加液工位-PLC TO PC,R10500.2,
72,S09原点信号_4,BOOL,,OFF,保持,公有,加液工位-PLC TO PC,R10500.3,
73,S09允许加工,BOOL,,OFF,保持,公有,加液工位-PLC TO PC,R10500.4,
74,S09工艺选择,INT,,0,保持,公有,加液工位-PC TO PLC,R10502,
75,S09参数写入完成,BOOL,,OFF,保持,公有,加液工位-PC TO PLC,R10500.5,
76,S09工艺完成,INT,,0,保持,公有,加液工位-PLC TO PC,R10504,
77,S09TIP盒工位编号,INT,,0,保持,公有,加液工位-PC TO PLC,R10506,
78,S09TIP编号,INT,,0,保持,公有,加液工位-PC TO PLC,R10508,
79,S09液体瓶编号,INT,,0,保持,公有,加液工位-PC TO PLC,R10510,
80,S09抽液量,DINT,,0,保持,公有,加液工位-PC TO PLC 单位ul/10,R10512,
81,S09放液量,DINT,,0,保持,公有,加液工位-PC TO PLC 单位ul/10,R10514,
82,S09天平读数,REAL,,0.000000,保持,公有,加液工位-PLC TO PC,R10516,
83,S09液体瓶1剩余液量,REAL,,0.000000,保持,公有,加液工位-PC TO PLC,R10518,
84,S09液体瓶2剩余液量,REAL,,0.000000,保持,公有,加液工位-PC TO PLC,R10520,
85,S09液体瓶3剩余液量,REAL,,0.000000,保持,公有,加液工位-PC TO PLC,R10522,
86,S09液体瓶4剩余液量,REAL,,0.000000,保持,公有,加液工位-PC TO PLC,R10524,
87,S09液体瓶5剩余液量,REAL,,0.000000,保持,公有,加液工位-PC TO PLC,R10526,
88,S09抽液天平读数,REAL[10],,...,保持,公有,加液工位-PLC TO PC,R10530,
,S09抽液天平读数[0],REAL,,0.000000,,,,R10530,
,S09抽液天平读数[1],REAL,,0.000000,,,,R10532,
,S09抽液天平读数[2],REAL,,0.000000,,,,R10534,
,S09抽液天平读数[3],REAL,,0.000000,,,,R10536,
,S09抽液天平读数[4],REAL,,0.000000,,,,R10538,
,S09抽液天平读数[5],REAL,,0.000000,,,,R10540,
,S09抽液天平读数[6],REAL,,0.000000,,,,R10542,
,S09抽液天平读数[7],REAL,,0.000000,,,,R10544,
,S09抽液天平读数[8],REAL,,0.000000,,,,R10546,
,S09抽液天平读数[9],REAL,,0.000000,,,,R10548,
89,S09放液天平读数,REAL[10],,...,保持,公有,加液工位-PLC TO PC,R10550,
,S09放液天平读数[0],REAL,,0.000000,,,,R10550,
,S09放液天平读数[1],REAL,,0.000000,,,,R10552,
,S09放液天平读数[2],REAL,,0.000000,,,,R10554,
,S09放液天平读数[3],REAL,,0.000000,,,,R10556,
,S09放液天平读数[4],REAL,,0.000000,,,,R10558,
,S09放液天平读数[5],REAL,,0.000000,,,,R10560,
,S09放液天平读数[6],REAL,,0.000000,,,,R10562,
,S09放液天平读数[7],REAL,,0.000000,,,,R10564,
,S09放液天平读数[8],REAL,,0.000000,,,,R10566,
,S09放液天平读数[9],REAL,,0.000000,,,,R10568,
90,S09测密度次数,INT,,0,保持,公有,加液工位-PC TO PLC,R10528,
91,S09数据清空,BOOL,,OFF,保持,私有,,R10500.7,
92,工站状态,INT[12],,...,保持,公有,,,
,工站状态[0],INT,,0,,,S01状态 PLC TO PC 0报警中，1未准备好，2准备好，3运行中，4单循环中，5寸动中，6初始化中,,
,工站状态[1],INT,,0,,,S02状态 PLC TO PC 0报警中，1未准备好，2准备好，3运行中，4单循环中，5寸动中，6初始化中,,
,工站状态[2],INT,,0,,,S03状态 PLC TO PC 0报警中，1未准备好，2准备好，3运行中，4单循环中，5寸动中，6初始化中,,
,工站状态[3],INT,,0,,,S04状态 PLC TO PC 0报警中，1未准备好，2准备好，3运行中，4单循环中，5寸动中，6初始化中,,
,工站状态[4],INT,,0,,,S05状态 PLC TO PC 0报警中，1未准备好，2准备好，3运行中，4单循环中，5寸动中，6初始化中,,
,工站状态[5],INT,,0,,,S06状态 PLC TO PC 0报警中，1未准备好，2准备好，3运行中，4单循环中，5寸动中，6初始化中,,
,工站状态[6],INT,,0,,,S07状态 PLC TO PC 0报警中，1未准备好，2准备好，3运行中，4单循环中，5寸动中，6初始化中,,
,工站状态[7],INT,,0,,,S08状态 PLC TO PC 0报警中，1未准备好，2准备好，3运行中，4单循环中，5寸动中，6初始化中,,
,工站状态[8],INT,,0,,,S09状态 PLC TO PC 0报警中，1未准备好，2准备好，3运行中，4单循环中，5寸动中，6初始化中,,
,工站状态[9],INT,,0,,,S10状态 PLC TO PC 0报警中，1未准备好，2准备好，3运行中，4单循环中，5寸动中，6初始化中,,
,工站状态[10],INT,,0,,,S11状态 PLC TO PC 0报警中，1未准备好，2准备好，3运行中，4单循环中，5寸动中，6初始化中,,
,工站状态[11],INT,,0,,,S12状态 PLC TO PC 0报警中，1未准备好，2准备好，3运行中，4单循环中，5寸动中，6初始化中,,
93,Robot_Home,BOOL,,OFF,保持,公有,Robot工位 PLC-PC,R10600.0,
94,Robot_夹爪,ST_机器人夹爪状态,,...,保持,公有,Robot工位 PLC-PC,,
,Robot_夹爪.原点位,BOOL,,OFF,,,,,
,Robot_夹爪.TIP盒位,BOOL,,OFF,,,,,
,Robot_夹爪.烧杯位,BOOL,,OFF,,,,,
,Robot_夹爪.样品瓶250ml位,BOOL,,OFF,,,,,
,Robot_夹爪.样品瓶500ml位,BOOL,,OFF,,,,,
,Robot_夹爪.液体试剂瓶100ml位,BOOL,,OFF,,,,,
,Robot_夹爪.固体粉末位,BOOL,,OFF,,,,,
,Robot_夹爪.夹爪状态,DINT,,0,,,,,
95,Robot_任务允许写入,BOOL,,OFF,保持,公有,Robot工位 PLC-PC,R10600.1,
96,Robot_任务写入完成,BOOL,,OFF,保持,公有,Robot工位 PC-PLC,R10600.2,
97,S12数据清空,BOOL,,OFF,保持,私有,,R10600.3,
98,任务号,DINT,,0,保持,公有,Robot工位 PC-PLC,R10602,
99,S01取放料编号,DINT,,0,保持,公有,Robot工位 PC-PLC,R10604,
100,S01出入料产品,DINT,,0,保持,公有,Robot工位 PC-PLC,R10606,
101,S02取放料编号,DINT,,0,保持,公有,Robot工位 PC-PLC,R10608,
102,S03取放料产品,DINT,,0,保持,公有,Robot工位 PC-PLC,R10610,
103,S03取放料编号,DINT,,0,保持,公有,Robot工位 PC-PLC,R10612,
104,S04取放料编号,DINT,,0,保持,公有,Robot工位 PC-PLC,R10614,
105,S071取放料编号,DINT,,0,保持,公有,Robot工位 PC-PLC,R10616,
106,S072取放料产品,DINT,,0,保持,公有,Robot工位 PC-PLC,R10618,
107,S08取放料产品,DINT,,0,保持,公有,Robot工位 PC-PLC,R10620,
108,S08取放料编号,DINT,,0,保持,公有,Robot工位 PC-PLC,R10622,
109,S09取放料产品,DINT,,0,保持,公有,Robot工位 PC-PLC,R10624,
110,S09取放料编号,DINT,,0,保持,公有,Robot工位 PC-PLC,R10626,
111,S10取放料编号,DINT,,0,保持,公有,Robot工位 PC-PLC,R10628,
112,S11取放料产品,DINT,,0,保持,公有,Robot工位 PC-PLC,R10630,
113,S11取放料编号,DINT,,0,保持,公有,Robot工位 PC-PLC,R10632,
114,S08倒料产品选择,DINT,,0,保持,公有,Robot工位 PC-PLC,R10634,
115,Robot_任务完成,DINT,,0,保持,公有,Robot工位 PLC-PC,R10636,
116,S07原点信号,BOOL,,OFF,保持,公有,PC-PLC 机器人可以取放料,,
117,S07允许加工,BOOL,,OFF,保持,公有,PLC-PC,,
118,S07工艺选择,INT,,0,保持,公有,PC-PLC 1.粉罐扫码盘点 2.替换粉罐旋转到进料位 3.注粉,R10641,
119,S07参数写入完成,BOOL,,OFF,保持,公有,PC-PLC ,,
120,S07工艺完成,INT,,0,保持,公有,PLC-PC,R10642,
121,S07上下料位置,INT,,0,保持,公有,PC-PLC 机器人取放料粉罐位,R10643,
122,S07粗注粉位置号,INT,,0,保持,公有,PC-PLC 注粉位置号,R10644,
123,S07精注粉位置号,INT,,0,保持,公有,PC-PLC 注粉位置号,R10645,
124,S07注粉重量,REAL,,0.000000,保持,公有,PC-PLC ,R10646,
125,S07_粗注粉开口量,INT[5],,...,保持,公有,PC-PLC ,R10650,
,S07_粗注粉开口量[0],INT,,0,,,,R10650,
,S07_粗注粉开口量[1],INT,,0,,,,R10651,
,S07_粗注粉开口量[2],INT,,0,,,,R10652,
,S07_粗注粉开口量[3],INT,,0,,,,R10653,
,S07_粗注粉开口量[4],INT,,0,,,,R10654,
126,S07_粗注粉落粉匀速,REAL[5],,...,保持,公有,PC-PLC ,R10660,
,S07_粗注粉落粉匀速[0],REAL,,0.000000,,,,R10660,
,S07_粗注粉落粉匀速[1],REAL,,0.000000,,,,R10662,
,S07_粗注粉落粉匀速[2],REAL,,0.000000,,,,R10664,
,S07_粗注粉落粉匀速[3],REAL,,0.000000,,,,R10666,
,S07_粗注粉落粉匀速[4],REAL,,0.000000,,,,R10668,
127,S07_粗注粉旋转速度,INT[5],,...,保持,公有,PC-PLC ,R10670,
,S07_粗注粉旋转速度[0],INT,,0,,,,R10670,
,S07_粗注粉旋转速度[1],INT,,0,,,,R10671,
,S07_粗注粉旋转速度[2],INT,,0,,,,R10672,
,S07_粗注粉旋转速度[3],INT,,0,,,,R10673,
,S07_粗注粉旋转速度[4],INT,,0,,,,R10674,
128,S07_粗注粉提请停止量,DINT[5],,...,保持,公有,PC-PLC ,R10680,
,S07_粗注粉提请停止量[0],DINT,,0,,,,R10680,
,S07_粗注粉提请停止量[1],DINT,,0,,,,R10682,
,S07_粗注粉提请停止量[2],DINT,,0,,,,R10684,
,S07_粗注粉提请停止量[3],DINT,,0,,,,R10686,
,S07_粗注粉提请停止量[4],DINT,,0,,,,R10688,
129,S07_粗注粉震荡最高速度,INT,,0,保持,公有,PC-PLC ,R10690,
130,S07_精注粉开口量,INT[5],,...,保持,公有,PC-PLC ,R10700,
,S07_精注粉开口量[0],INT,,0,,,,R10700,
,S07_精注粉开口量[1],INT,,0,,,,R10701,
,S07_精注粉开口量[2],INT,,0,,,,R10702,
,S07_精注粉开口量[3],INT,,0,,,,R10703,
,S07_精注粉开口量[4],INT,,0,,,,R10704,
131,S07_精注粉落粉匀速,REAL[5],,...,保持,公有,PC-PLC ,R10710,
,S07_精注粉落粉匀速[0],REAL,,0.000000,,,,R10710,
,S07_精注粉落粉匀速[1],REAL,,0.000000,,,,R10712,
,S07_精注粉落粉匀速[2],REAL,,0.000000,,,,R10714,
,S07_精注粉落粉匀速[3],REAL,,0.000000,,,,R10716,
,S07_精注粉落粉匀速[4],REAL,,0.000000,,,,R10718,
132,S07_精注粉旋转速度,INT[5],,...,保持,公有,PC-PLC ,R10720,
,S07_精注粉旋转速度[0],INT,,0,,,,R10720,
,S07_精注粉旋转速度[1],INT,,0,,,,R10721,
,S07_精注粉旋转速度[2],INT,,0,,,,R10722,
,S07_精注粉旋转速度[3],INT,,0,,,,R10723,
,S07_精注粉旋转速度[4],INT,,0,,,,R10724,
133,S07_精注粉提请停止量,DINT[5],,...,保持,公有,PC-PLC ,R10730,
,S07_精注粉提请停止量[0],DINT,,0,,,,R10730,
,S07_精注粉提请停止量[1],DINT,,0,,,,R10732,
,S07_精注粉提请停止量[2],DINT,,0,,,,R10734,
,S07_精注粉提请停止量[3],DINT,,0,,,,R10736,
,S07_精注粉提请停止量[4],DINT,,0,,,,R10738,
134,S07_精注粉震荡最高速度,INT,,0,保持,公有,PC-PLC ,R10692,
135,S07天平读数,REAL,,0.000000,保持,公有,PLC-PC,R10694,
136,S07数据清空,BOOL,,OFF,保持,私有,,,
137,S07位置1二维码,INT[100],,...,保持,公有,PLC-PC,,
,S07位置1二维码[0],INT,,0,,,,,
,S07位置1二维码[1],INT,,0,,,,,
,S07位置1二维码[2],INT,,0,,,,,
,S07位置1二维码[3],INT,,0,,,,,
,S07位置1二维码[4],INT,,0,,,,,
,S07位置1二维码[5],INT,,0,,,,,
,S07位置1二维码[6],INT,,0,,,,,
,S07位置1二维码[7],INT,,0,,,,,
,S07位置1二维码[8],INT,,0,,,,,
,S07位置1二维码[9],INT,,0,,,,,
,S07位置1二维码[10],INT,,0,,,,,
,S07位置1二维码[11],INT,,0,,,,,
,S07位置1二维码[12],INT,,0,,,,,
,S07位置1二维码[13],INT,,0,,,,,
,S07位置1二维码[14],INT,,0,,,,,
,S07位置1二维码[15],INT,,0,,,,,
,S07位置1二维码[16],INT,,0,,,,,
,S07位置1二维码[17],INT,,0,,,,,
,S07位置1二维码[18],INT,,0,,,,,
,S07位置1二维码[19],INT,,0,,,,,
,S07位置1二维码[20],INT,,0,,,,,
,S07位置1二维码[21],INT,,0,,,,,
,S07位置1二维码[22],INT,,0,,,,,
,S07位置1二维码[23],INT,,0,,,,,
,S07位置1二维码[24],INT,,0,,,,,
,S07位置1二维码[25],INT,,0,,,,,
,S07位置1二维码[26],INT,,0,,,,,
,S07位置1二维码[27],INT,,0,,,,,
,S07位置1二维码[28],INT,,0,,,,,
,S07位置1二维码[29],INT,,0,,,,,
,S07位置1二维码[30],INT,,0,,,,,
,S07位置1二维码[31],INT,,0,,,,,
,S07位置1二维码[32],INT,,0,,,,,
,S07位置1二维码[33],INT,,0,,,,,
,S07位置1二维码[34],INT,,0,,,,,
,S07位置1二维码[35],INT,,0,,,,,
,S07位置1二维码[36],INT,,0,,,,,
,S07位置1二维码[37],INT,,0,,,,,
,S07位置1二维码[38],INT,,0,,,,,
,S07位置1二维码[39],INT,,0,,,,,
,S07位置1二维码[40],INT,,0,,,,,
,S07位置1二维码[41],INT,,0,,,,,
,S07位置1二维码[42],INT,,0,,,,,
,S07位置1二维码[43],INT,,0,,,,,
,S07位置1二维码[44],INT,,0,,,,,
,S07位置1二维码[45],INT,,0,,,,,
,S07位置1二维码[46],INT,,0,,,,,
,S07位置1二维码[47],INT,,0,,,,,
,S07位置1二维码[48],INT,,0,,,,,
,S07位置1二维码[49],INT,,0,,,,,
,S07位置1二维码[50],INT,,0,,,,,
,S07位置1二维码[51],INT,,0,,,,,
,S07位置1二维码[52],INT,,0,,,,,
,S07位置1二维码[53],INT,,0,,,,,
,S07位置1二维码[54],INT,,0,,,,,
,S07位置1二维码[55],INT,,0,,,,,
,S07位置1二维码[56],INT,,0,,,,,
,S07位置1二维码[57],INT,,0,,,,,
,S07位置1二维码[58],INT,,0,,,,,
,S07位置1二维码[59],INT,,0,,,,,
,S07位置1二维码[60],INT,,0,,,,,
,S07位置1二维码[61],INT,,0,,,,,
,S07位置1二维码[62],INT,,0,,,,,
,S07位置1二维码[63],INT,,0,,,,,
,S07位置1二维码[64],INT,,0,,,,,
,S07位置1二维码[65],INT,,0,,,,,
,S07位置1二维码[66],INT,,0,,,,,
,S07位置1二维码[67],INT,,0,,,,,
,S07位置1二维码[68],INT,,0,,,,,
,S07位置1二维码[69],INT,,0,,,,,
,S07位置1二维码[70],INT,,0,,,,,
,S07位置1二维码[71],INT,,0,,,,,
,S07位置1二维码[72],INT,,0,,,,,
,S07位置1二维码[73],INT,,0,,,,,
,S07位置1二维码[74],INT,,0,,,,,
,S07位置1二维码[75],INT,,0,,,,,
,S07位置1二维码[76],INT,,0,,,,,
,S07位置1二维码[77],INT,,0,,,,,
,S07位置1二维码[78],INT,,0,,,,,
,S07位置1二维码[79],INT,,0,,,,,
,S07位置1二维码[80],INT,,0,,,,,
,S07位置1二维码[81],INT,,0,,,,,
,S07位置1二维码[82],INT,,0,,,,,
,S07位置1二维码[83],INT,,0,,,,,
,S07位置1二维码[84],INT,,0,,,,,
,S07位置1二维码[85],INT,,0,,,,,
,S07位置1二维码[86],INT,,0,,,,,
,S07位置1二维码[87],INT,,0,,,,,
,S07位置1二维码[88],INT,,0,,,,,
,S07位置1二维码[89],INT,,0,,,,,
,S07位置1二维码[90],INT,,0,,,,,
,S07位置1二维码[91],INT,,0,,,,,
,S07位置1二维码[92],INT,,0,,,,,
,S07位置1二维码[93],INT,,0,,,,,
,S07位置1二维码[94],INT,,0,,,,,
,S07位置1二维码[95],INT,,0,,,,,
,S07位置1二维码[96],INT,,0,,,,,
,S07位置1二维码[97],INT,,0,,,,,
,S07位置1二维码[98],INT,,0,,,,,
,S07位置1二维码[99],INT,,0,,,,,
138,S07位置2二维码,INT[100],,...,保持,公有,PLC-PC,,
,S07位置2二维码[0],INT,,0,,,,,
,S07位置2二维码[1],INT,,0,,,,,
,S07位置2二维码[2],INT,,0,,,,,
,S07位置2二维码[3],INT,,0,,,,,
,S07位置2二维码[4],INT,,0,,,,,
,S07位置2二维码[5],INT,,0,,,,,
,S07位置2二维码[6],INT,,0,,,,,
,S07位置2二维码[7],INT,,0,,,,,
,S07位置2二维码[8],INT,,0,,,,,
,S07位置2二维码[9],INT,,0,,,,,
,S07位置2二维码[10],INT,,0,,,,,
,S07位置2二维码[11],INT,,0,,,,,
,S07位置2二维码[12],INT,,0,,,,,
,S07位置2二维码[13],INT,,0,,,,,
,S07位置2二维码[14],INT,,0,,,,,
,S07位置2二维码[15],INT,,0,,,,,
,S07位置2二维码[16],INT,,0,,,,,
,S07位置2二维码[17],INT,,0,,,,,
,S07位置2二维码[18],INT,,0,,,,,
,S07位置2二维码[19],INT,,0,,,,,
,S07位置2二维码[20],INT,,0,,,,,
,S07位置2二维码[21],INT,,0,,,,,
,S07位置2二维码[22],INT,,0,,,,,
,S07位置2二维码[23],INT,,0,,,,,
,S07位置2二维码[24],INT,,0,,,,,
,S07位置2二维码[25],INT,,0,,,,,
,S07位置2二维码[26],INT,,0,,,,,
,S07位置2二维码[27],INT,,0,,,,,
,S07位置2二维码[28],INT,,0,,,,,
,S07位置2二维码[29],INT,,0,,,,,
,S07位置2二维码[30],INT,,0,,,,,
,S07位置2二维码[31],INT,,0,,,,,
,S07位置2二维码[32],INT,,0,,,,,
,S07位置2二维码[33],INT,,0,,,,,
,S07位置2二维码[34],INT,,0,,,,,
,S07位置2二维码[35],INT,,0,,,,,
,S07位置2二维码[36],INT,,0,,,,,
,S07位置2二维码[37],INT,,0,,,,,
,S07位置2二维码[38],INT,,0,,,,,
,S07位置2二维码[39],INT,,0,,,,,
,S07位置2二维码[40],INT,,0,,,,,
,S07位置2二维码[41],INT,,0,,,,,
,S07位置2二维码[42],INT,,0,,,,,
,S07位置2二维码[43],INT,,0,,,,,
,S07位置2二维码[44],INT,,0,,,,,
,S07位置2二维码[45],INT,,0,,,,,
,S07位置2二维码[46],INT,,0,,,,,
,S07位置2二维码[47],INT,,0,,,,,
,S07位置2二维码[48],INT,,0,,,,,
,S07位置2二维码[49],INT,,0,,,,,
,S07位置2二维码[50],INT,,0,,,,,
,S07位置2二维码[51],INT,,0,,,,,
,S07位置2二维码[52],INT,,0,,,,,
,S07位置2二维码[53],INT,,0,,,,,
,S07位置2二维码[54],INT,,0,,,,,
,S07位置2二维码[55],INT,,0,,,,,
,S07位置2二维码[56],INT,,0,,,,,
,S07位置2二维码[57],INT,,0,,,,,
,S07位置2二维码[58],INT,,0,,,,,
,S07位置2二维码[59],INT,,0,,,,,
,S07位置2二维码[60],INT,,0,,,,,
,S07位置2二维码[61],INT,,0,,,,,
,S07位置2二维码[62],INT,,0,,,,,
,S07位置2二维码[63],INT,,0,,,,,
,S07位置2二维码[64],INT,,0,,,,,
,S07位置2二维码[65],INT,,0,,,,,
,S07位置2二维码[66],INT,,0,,,,,
,S07位置2二维码[67],INT,,0,,,,,
,S07位置2二维码[68],INT,,0,,,,,
,S07位置2二维码[69],INT,,0,,,,,
,S07位置2二维码[70],INT,,0,,,,,
,S07位置2二维码[71],INT,,0,,,,,
,S07位置2二维码[72],INT,,0,,,,,
,S07位置2二维码[73],INT,,0,,,,,
,S07位置2二维码[74],INT,,0,,,,,
,S07位置2二维码[75],INT,,0,,,,,
,S07位置2二维码[76],INT,,0,,,,,
,S07位置2二维码[77],INT,,0,,,,,
,S07位置2二维码[78],INT,,0,,,,,
,S07位置2二维码[79],INT,,0,,,,,
,S07位置2二维码[80],INT,,0,,,,,
,S07位置2二维码[81],INT,,0,,,,,
,S07位置2二维码[82],INT,,0,,,,,
,S07位置2二维码[83],INT,,0,,,,,
,S07位置2二维码[84],INT,,0,,,,,
,S07位置2二维码[85],INT,,0,,,,,
,S07位置2二维码[86],INT,,0,,,,,
,S07位置2二维码[87],INT,,0,,,,,
,S07位置2二维码[88],INT,,0,,,,,
,S07位置2二维码[89],INT,,0,,,,,
,S07位置2二维码[90],INT,,0,,,,,
,S07位置2二维码[91],INT,,0,,,,,
,S07位置2二维码[92],INT,,0,,,,,
,S07位置2二维码[93],INT,,0,,,,,
,S07位置2二维码[94],INT,,0,,,,,
,S07位置2二维码[95],INT,,0,,,,,
,S07位置2二维码[96],INT,,0,,,,,
,S07位置2二维码[97],INT,,0,,,,,
,S07位置2二维码[98],INT,,0,,,,,
,S07位置2二维码[99],INT,,0,,,,,
139,S07位置3二维码,INT[100],,...,保持,公有,PLC-PC,,
,S07位置3二维码[0],INT,,0,,,,,
,S07位置3二维码[1],INT,,0,,,,,
,S07位置3二维码[2],INT,,0,,,,,
,S07位置3二维码[3],INT,,0,,,,,
,S07位置3二维码[4],INT,,0,,,,,
,S07位置3二维码[5],INT,,0,,,,,
,S07位置3二维码[6],INT,,0,,,,,
,S07位置3二维码[7],INT,,0,,,,,
,S07位置3二维码[8],INT,,0,,,,,
,S07位置3二维码[9],INT,,0,,,,,
,S07位置3二维码[10],INT,,0,,,,,
,S07位置3二维码[11],INT,,0,,,,,
,S07位置3二维码[12],INT,,0,,,,,
,S07位置3二维码[13],INT,,0,,,,,
,S07位置3二维码[14],INT,,0,,,,,
,S07位置3二维码[15],INT,,0,,,,,
,S07位置3二维码[16],INT,,0,,,,,
,S07位置3二维码[17],INT,,0,,,,,
,S07位置3二维码[18],INT,,0,,,,,
,S07位置3二维码[19],INT,,0,,,,,
,S07位置3二维码[20],INT,,0,,,,,
,S07位置3二维码[21],INT,,0,,,,,
,S07位置3二维码[22],INT,,0,,,,,
,S07位置3二维码[23],INT,,0,,,,,
,S07位置3二维码[24],INT,,0,,,,,
,S07位置3二维码[25],INT,,0,,,,,
,S07位置3二维码[26],INT,,0,,,,,
,S07位置3二维码[27],INT,,0,,,,,
,S07位置3二维码[28],INT,,0,,,,,
,S07位置3二维码[29],INT,,0,,,,,
,S07位置3二维码[30],INT,,0,,,,,
,S07位置3二维码[31],INT,,0,,,,,
,S07位置3二维码[32],INT,,0,,,,,
,S07位置3二维码[33],INT,,0,,,,,
,S07位置3二维码[34],INT,,0,,,,,
,S07位置3二维码[35],INT,,0,,,,,
,S07位置3二维码[36],INT,,0,,,,,
,S07位置3二维码[37],INT,,0,,,,,
,S07位置3二维码[38],INT,,0,,,,,
,S07位置3二维码[39],INT,,0,,,,,
,S07位置3二维码[40],INT,,0,,,,,
,S07位置3二维码[41],INT,,0,,,,,
,S07位置3二维码[42],INT,,0,,,,,
,S07位置3二维码[43],INT,,0,,,,,
,S07位置3二维码[44],INT,,0,,,,,
,S07位置3二维码[45],INT,,0,,,,,
,S07位置3二维码[46],INT,,0,,,,,
,S07位置3二维码[47],INT,,0,,,,,
,S07位置3二维码[48],INT,,0,,,,,
,S07位置3二维码[49],INT,,0,,,,,
,S07位置3二维码[50],INT,,0,,,,,
,S07位置3二维码[51],INT,,0,,,,,
,S07位置3二维码[52],INT,,0,,,,,
,S07位置3二维码[53],INT,,0,,,,,
,S07位置3二维码[54],INT,,0,,,,,
,S07位置3二维码[55],INT,,0,,,,,
,S07位置3二维码[56],INT,,0,,,,,
,S07位置3二维码[57],INT,,0,,,,,
,S07位置3二维码[58],INT,,0,,,,,
,S07位置3二维码[59],INT,,0,,,,,
,S07位置3二维码[60],INT,,0,,,,,
,S07位置3二维码[61],INT,,0,,,,,
,S07位置3二维码[62],INT,,0,,,,,
,S07位置3二维码[63],INT,,0,,,,,
,S07位置3二维码[64],INT,,0,,,,,
,S07位置3二维码[65],INT,,0,,,,,
,S07位置3二维码[66],INT,,0,,,,,
,S07位置3二维码[67],INT,,0,,,,,
,S07位置3二维码[68],INT,,0,,,,,
,S07位置3二维码[69],INT,,0,,,,,
,S07位置3二维码[70],INT,,0,,,,,
,S07位置3二维码[71],INT,,0,,,,,
,S07位置3二维码[72],INT,,0,,,,,
,S07位置3二维码[73],INT,,0,,,,,
,S07位置3二维码[74],INT,,0,,,,,
,S07位置3二维码[75],INT,,0,,,,,
,S07位置3二维码[76],INT,,0,,,,,
,S07位置3二维码[77],INT,,0,,,,,
,S07位置3二维码[78],INT,,0,,,,,
,S07位置3二维码[79],INT,,0,,,,,
,S07位置3二维码[80],INT,,0,,,,,
,S07位置3二维码[81],INT,,0,,,,,
,S07位置3二维码[82],INT,,0,,,,,
,S07位置3二维码[83],INT,,0,,,,,
,S07位置3二维码[84],INT,,0,,,,,
,S07位置3二维码[85],INT,,0,,,,,
,S07位置3二维码[86],INT,,0,,,,,
,S07位置3二维码[87],INT,,0,,,,,
,S07位置3二维码[88],INT,,0,,,,,
,S07位置3二维码[89],INT,,0,,,,,
,S07位置3二维码[90],INT,,0,,,,,
,S07位置3二维码[91],INT,,0,,,,,
,S07位置3二维码[92],INT,,0,,,,,
,S07位置3二维码[93],INT,,0,,,,,
,S07位置3二维码[94],INT,,0,,,,,
,S07位置3二维码[95],INT,,0,,,,,
,S07位置3二维码[96],INT,,0,,,,,
,S07位置3二维码[97],INT,,0,,,,,
,S07位置3二维码[98],INT,,0,,,,,
,S07位置3二维码[99],INT,,0,,,,,
140,S07位置4二维码,INT[100],,...,保持,公有,PLC-PC,,
,S07位置4二维码[0],INT,,0,,,,,
,S07位置4二维码[1],INT,,0,,,,,
,S07位置4二维码[2],INT,,0,,,,,
,S07位置4二维码[3],INT,,0,,,,,
,S07位置4二维码[4],INT,,0,,,,,
,S07位置4二维码[5],INT,,0,,,,,
,S07位置4二维码[6],INT,,0,,,,,
,S07位置4二维码[7],INT,,0,,,,,
,S07位置4二维码[8],INT,,0,,,,,
,S07位置4二维码[9],INT,,0,,,,,
,S07位置4二维码[10],INT,,0,,,,,
,S07位置4二维码[11],INT,,0,,,,,
,S07位置4二维码[12],INT,,0,,,,,
,S07位置4二维码[13],INT,,0,,,,,
,S07位置4二维码[14],INT,,0,,,,,
,S07位置4二维码[15],INT,,0,,,,,
,S07位置4二维码[16],INT,,0,,,,,
,S07位置4二维码[17],INT,,0,,,,,
,S07位置4二维码[18],INT,,0,,,,,
,S07位置4二维码[19],INT,,0,,,,,
,S07位置4二维码[20],INT,,0,,,,,
,S07位置4二维码[21],INT,,0,,,,,
,S07位置4二维码[22],INT,,0,,,,,
,S07位置4二维码[23],INT,,0,,,,,
,S07位置4二维码[24],INT,,0,,,,,
,S07位置4二维码[25],INT,,0,,,,,
,S07位置4二维码[26],INT,,0,,,,,
,S07位置4二维码[27],INT,,0,,,,,
,S07位置4二维码[28],INT,,0,,,,,
,S07位置4二维码[29],INT,,0,,,,,
,S07位置4二维码[30],INT,,0,,,,,
,S07位置4二维码[31],INT,,0,,,,,
,S07位置4二维码[32],INT,,0,,,,,
,S07位置4二维码[33],INT,,0,,,,,
,S07位置4二维码[34],INT,,0,,,,,
,S07位置4二维码[35],INT,,0,,,,,
,S07位置4二维码[36],INT,,0,,,,,
,S07位置4二维码[37],INT,,0,,,,,
,S07位置4二维码[38],INT,,0,,,,,
,S07位置4二维码[39],INT,,0,,,,,
,S07位置4二维码[40],INT,,0,,,,,
,S07位置4二维码[41],INT,,0,,,,,
,S07位置4二维码[42],INT,,0,,,,,
,S07位置4二维码[43],INT,,0,,,,,
,S07位置4二维码[44],INT,,0,,,,,
,S07位置4二维码[45],INT,,0,,,,,
,S07位置4二维码[46],INT,,0,,,,,
,S07位置4二维码[47],INT,,0,,,,,
,S07位置4二维码[48],INT,,0,,,,,
,S07位置4二维码[49],INT,,0,,,,,
,S07位置4二维码[50],INT,,0,,,,,
,S07位置4二维码[51],INT,,0,,,,,
,S07位置4二维码[52],INT,,0,,,,,
,S07位置4二维码[53],INT,,0,,,,,
,S07位置4二维码[54],INT,,0,,,,,
,S07位置4二维码[55],INT,,0,,,,,
,S07位置4二维码[56],INT,,0,,,,,
,S07位置4二维码[57],INT,,0,,,,,
,S07位置4二维码[58],INT,,0,,,,,
,S07位置4二维码[59],INT,,0,,,,,
,S07位置4二维码[60],INT,,0,,,,,
,S07位置4二维码[61],INT,,0,,,,,
,S07位置4二维码[62],INT,,0,,,,,
,S07位置4二维码[63],INT,,0,,,,,
,S07位置4二维码[64],INT,,0,,,,,
,S07位置4二维码[65],INT,,0,,,,,
,S07位置4二维码[66],INT,,0,,,,,
,S07位置4二维码[67],INT,,0,,,,,
,S07位置4二维码[68],INT,,0,,,,,
,S07位置4二维码[69],INT,,0,,,,,
,S07位置4二维码[70],INT,,0,,,,,
,S07位置4二维码[71],INT,,0,,,,,
,S07位置4二维码[72],INT,,0,,,,,
,S07位置4二维码[73],INT,,0,,,,,
,S07位置4二维码[74],INT,,0,,,,,
,S07位置4二维码[75],INT,,0,,,,,
,S07位置4二维码[76],INT,,0,,,,,
,S07位置4二维码[77],INT,,0,,,,,
,S07位置4二维码[78],INT,,0,,,,,
,S07位置4二维码[79],INT,,0,,,,,
,S07位置4二维码[80],INT,,0,,,,,
,S07位置4二维码[81],INT,,0,,,,,
,S07位置4二维码[82],INT,,0,,,,,
,S07位置4二维码[83],INT,,0,,,,,
,S07位置4二维码[84],INT,,0,,,,,
,S07位置4二维码[85],INT,,0,,,,,
,S07位置4二维码[86],INT,,0,,,,,
,S07位置4二维码[87],INT,,0,,,,,
,S07位置4二维码[88],INT,,0,,,,,
,S07位置4二维码[89],INT,,0,,,,,
,S07位置4二维码[90],INT,,0,,,,,
,S07位置4二维码[91],INT,,0,,,,,
,S07位置4二维码[92],INT,,0,,,,,
,S07位置4二维码[93],INT,,0,,,,,
,S07位置4二维码[94],INT,,0,,,,,
,S07位置4二维码[95],INT,,0,,,,,
,S07位置4二维码[96],INT,,0,,,,,
,S07位置4二维码[97],INT,,0,,,,,
,S07位置4二维码[98],INT,,0,,,,,
,S07位置4二维码[99],INT,,0,,,,,
141,S07位置5二维码,INT[100],,...,保持,公有,PLC-PC,,
,S07位置5二维码[0],INT,,0,,,,,
,S07位置5二维码[1],INT,,0,,,,,
,S07位置5二维码[2],INT,,0,,,,,
,S07位置5二维码[3],INT,,0,,,,,
,S07位置5二维码[4],INT,,0,,,,,
,S07位置5二维码[5],INT,,0,,,,,
,S07位置5二维码[6],INT,,0,,,,,
,S07位置5二维码[7],INT,,0,,,,,
,S07位置5二维码[8],INT,,0,,,,,
,S07位置5二维码[9],INT,,0,,,,,
,S07位置5二维码[10],INT,,0,,,,,
,S07位置5二维码[11],INT,,0,,,,,
,S07位置5二维码[12],INT,,0,,,,,
,S07位置5二维码[13],INT,,0,,,,,
,S07位置5二维码[14],INT,,0,,,,,
,S07位置5二维码[15],INT,,0,,,,,
,S07位置5二维码[16],INT,,0,,,,,
,S07位置5二维码[17],INT,,0,,,,,
,S07位置5二维码[18],INT,,0,,,,,
,S07位置5二维码[19],INT,,0,,,,,
,S07位置5二维码[20],INT,,0,,,,,
,S07位置5二维码[21],INT,,0,,,,,
,S07位置5二维码[22],INT,,0,,,,,
,S07位置5二维码[23],INT,,0,,,,,
,S07位置5二维码[24],INT,,0,,,,,
,S07位置5二维码[25],INT,,0,,,,,
,S07位置5二维码[26],INT,,0,,,,,
,S07位置5二维码[27],INT,,0,,,,,
,S07位置5二维码[28],INT,,0,,,,,
,S07位置5二维码[29],INT,,0,,,,,
,S07位置5二维码[30],INT,,0,,,,,
,S07位置5二维码[31],INT,,0,,,,,
,S07位置5二维码[32],INT,,0,,,,,
,S07位置5二维码[33],INT,,0,,,,,
,S07位置5二维码[34],INT,,0,,,,,
,S07位置5二维码[35],INT,,0,,,,,
,S07位置5二维码[36],INT,,0,,,,,
,S07位置5二维码[37],INT,,0,,,,,
,S07位置5二维码[38],INT,,0,,,,,
,S07位置5二维码[39],INT,,0,,,,,
,S07位置5二维码[40],INT,,0,,,,,
,S07位置5二维码[41],INT,,0,,,,,
,S07位置5二维码[42],INT,,0,,,,,
,S07位置5二维码[43],INT,,0,,,,,
,S07位置5二维码[44],INT,,0,,,,,
,S07位置5二维码[45],INT,,0,,,,,
,S07位置5二维码[46],INT,,0,,,,,
,S07位置5二维码[47],INT,,0,,,,,
,S07位置5二维码[48],INT,,0,,,,,
,S07位置5二维码[49],INT,,0,,,,,
,S07位置5二维码[50],INT,,0,,,,,
,S07位置5二维码[51],INT,,0,,,,,
,S07位置5二维码[52],INT,,0,,,,,
,S07位置5二维码[53],INT,,0,,,,,
,S07位置5二维码[54],INT,,0,,,,,
,S07位置5二维码[55],INT,,0,,,,,
,S07位置5二维码[56],INT,,0,,,,,
,S07位置5二维码[57],INT,,0,,,,,
,S07位置5二维码[58],INT,,0,,,,,
,S07位置5二维码[59],INT,,0,,,,,
,S07位置5二维码[60],INT,,0,,,,,
,S07位置5二维码[61],INT,,0,,,,,
,S07位置5二维码[62],INT,,0,,,,,
,S07位置5二维码[63],INT,,0,,,,,
,S07位置5二维码[64],INT,,0,,,,,
,S07位置5二维码[65],INT,,0,,,,,
,S07位置5二维码[66],INT,,0,,,,,
,S07位置5二维码[67],INT,,0,,,,,
,S07位置5二维码[68],INT,,0,,,,,
,S07位置5二维码[69],INT,,0,,,,,
,S07位置5二维码[70],INT,,0,,,,,
,S07位置5二维码[71],INT,,0,,,,,
,S07位置5二维码[72],INT,,0,,,,,
,S07位置5二维码[73],INT,,0,,,,,
,S07位置5二维码[74],INT,,0,,,,,
,S07位置5二维码[75],INT,,0,,,,,
,S07位置5二维码[76],INT,,0,,,,,
,S07位置5二维码[77],INT,,0,,,,,
,S07位置5二维码[78],INT,,0,,,,,
,S07位置5二维码[79],INT,,0,,,,,
,S07位置5二维码[80],INT,,0,,,,,
,S07位置5二维码[81],INT,,0,,,,,
,S07位置5二维码[82],INT,,0,,,,,
,S07位置5二维码[83],INT,,0,,,,,
,S07位置5二维码[84],INT,,0,,,,,
,S07位置5二维码[85],INT,,0,,,,,
,S07位置5二维码[86],INT,,0,,,,,
,S07位置5二维码[87],INT,,0,,,,,
,S07位置5二维码[88],INT,,0,,,,,
,S07位置5二维码[89],INT,,0,,,,,
,S07位置5二维码[90],INT,,0,,,,,
,S07位置5二维码[91],INT,,0,,,,,
,S07位置5二维码[92],INT,,0,,,,,
,S07位置5二维码[93],INT,,0,,,,,
,S07位置5二维码[94],INT,,0,,,,,
,S07位置5二维码[95],INT,,0,,,,,
,S07位置5二维码[96],INT,,0,,,,,
,S07位置5二维码[97],INT,,0,,,,,
,S07位置5二维码[98],INT,,0,,,,,
,S07位置5二维码[99],INT,,0,,,,,
142,S07位置6二维码,INT[100],,...,保持,公有,PLC-PC,,
,S07位置6二维码[0],INT,,0,,,,,
,S07位置6二维码[1],INT,,0,,,,,
,S07位置6二维码[2],INT,,0,,,,,
,S07位置6二维码[3],INT,,0,,,,,
,S07位置6二维码[4],INT,,0,,,,,
,S07位置6二维码[5],INT,,0,,,,,
,S07位置6二维码[6],INT,,0,,,,,
,S07位置6二维码[7],INT,,0,,,,,
,S07位置6二维码[8],INT,,0,,,,,
,S07位置6二维码[9],INT,,0,,,,,
,S07位置6二维码[10],INT,,0,,,,,
,S07位置6二维码[11],INT,,0,,,,,
,S07位置6二维码[12],INT,,0,,,,,
,S07位置6二维码[13],INT,,0,,,,,
,S07位置6二维码[14],INT,,0,,,,,
,S07位置6二维码[15],INT,,0,,,,,
,S07位置6二维码[16],INT,,0,,,,,
,S07位置6二维码[17],INT,,0,,,,,
,S07位置6二维码[18],INT,,0,,,,,
,S07位置6二维码[19],INT,,0,,,,,
,S07位置6二维码[20],INT,,0,,,,,
,S07位置6二维码[21],INT,,0,,,,,
,S07位置6二维码[22],INT,,0,,,,,
,S07位置6二维码[23],INT,,0,,,,,
,S07位置6二维码[24],INT,,0,,,,,
,S07位置6二维码[25],INT,,0,,,,,
,S07位置6二维码[26],INT,,0,,,,,
,S07位置6二维码[27],INT,,0,,,,,
,S07位置6二维码[28],INT,,0,,,,,
,S07位置6二维码[29],INT,,0,,,,,
,S07位置6二维码[30],INT,,0,,,,,
,S07位置6二维码[31],INT,,0,,,,,
,S07位置6二维码[32],INT,,0,,,,,
,S07位置6二维码[33],INT,,0,,,,,
,S07位置6二维码[34],INT,,0,,,,,
,S07位置6二维码[35],INT,,0,,,,,
,S07位置6二维码[36],INT,,0,,,,,
,S07位置6二维码[37],INT,,0,,,,,
,S07位置6二维码[38],INT,,0,,,,,
,S07位置6二维码[39],INT,,0,,,,,
,S07位置6二维码[40],INT,,0,,,,,
,S07位置6二维码[41],INT,,0,,,,,
,S07位置6二维码[42],INT,,0,,,,,
,S07位置6二维码[43],INT,,0,,,,,
,S07位置6二维码[44],INT,,0,,,,,
,S07位置6二维码[45],INT,,0,,,,,
,S07位置6二维码[46],INT,,0,,,,,
,S07位置6二维码[47],INT,,0,,,,,
,S07位置6二维码[48],INT,,0,,,,,
,S07位置6二维码[49],INT,,0,,,,,
,S07位置6二维码[50],INT,,0,,,,,
,S07位置6二维码[51],INT,,0,,,,,
,S07位置6二维码[52],INT,,0,,,,,
,S07位置6二维码[53],INT,,0,,,,,
,S07位置6二维码[54],INT,,0,,,,,
,S07位置6二维码[55],INT,,0,,,,,
,S07位置6二维码[56],INT,,0,,,,,
,S07位置6二维码[57],INT,,0,,,,,
,S07位置6二维码[58],INT,,0,,,,,
,S07位置6二维码[59],INT,,0,,,,,
,S07位置6二维码[60],INT,,0,,,,,
,S07位置6二维码[61],INT,,0,,,,,
,S07位置6二维码[62],INT,,0,,,,,
,S07位置6二维码[63],INT,,0,,,,,
,S07位置6二维码[64],INT,,0,,,,,
,S07位置6二维码[65],INT,,0,,,,,
,S07位置6二维码[66],INT,,0,,,,,
,S07位置6二维码[67],INT,,0,,,,,
,S07位置6二维码[68],INT,,0,,,,,
,S07位置6二维码[69],INT,,0,,,,,
,S07位置6二维码[70],INT,,0,,,,,
,S07位置6二维码[71],INT,,0,,,,,
,S07位置6二维码[72],INT,,0,,,,,
,S07位置6二维码[73],INT,,0,,,,,
,S07位置6二维码[74],INT,,0,,,,,
,S07位置6二维码[75],INT,,0,,,,,
,S07位置6二维码[76],INT,,0,,,,,
,S07位置6二维码[77],INT,,0,,,,,
,S07位置6二维码[78],INT,,0,,,,,
,S07位置6二维码[79],INT,,0,,,,,
,S07位置6二维码[80],INT,,0,,,,,
,S07位置6二维码[81],INT,,0,,,,,
,S07位置6二维码[82],INT,,0,,,,,
,S07位置6二维码[83],INT,,0,,,,,
,S07位置6二维码[84],INT,,0,,,,,
,S07位置6二维码[85],INT,,0,,,,,
,S07位置6二维码[86],INT,,0,,,,,
,S07位置6二维码[87],INT,,0,,,,,
,S07位置6二维码[88],INT,,0,,,,,
,S07位置6二维码[89],INT,,0,,,,,
,S07位置6二维码[90],INT,,0,,,,,
,S07位置6二维码[91],INT,,0,,,,,
,S07位置6二维码[92],INT,,0,,,,,
,S07位置6二维码[93],INT,,0,,,,,
,S07位置6二维码[94],INT,,0,,,,,
,S07位置6二维码[95],INT,,0,,,,,
,S07位置6二维码[96],INT,,0,,,,,
,S07位置6二维码[97],INT,,0,,,,,
,S07位置6二维码[98],INT,,0,,,,,
,S07位置6二维码[99],INT,,0,,,,,
143,S07位置7二维码,INT[100],,...,保持,公有,PLC-PC,,
,S07位置7二维码[0],INT,,0,,,,,
,S07位置7二维码[1],INT,,0,,,,,
,S07位置7二维码[2],INT,,0,,,,,
,S07位置7二维码[3],INT,,0,,,,,
,S07位置7二维码[4],INT,,0,,,,,
,S07位置7二维码[5],INT,,0,,,,,
,S07位置7二维码[6],INT,,0,,,,,
,S07位置7二维码[7],INT,,0,,,,,
,S07位置7二维码[8],INT,,0,,,,,
,S07位置7二维码[9],INT,,0,,,,,
,S07位置7二维码[10],INT,,0,,,,,
,S07位置7二维码[11],INT,,0,,,,,
,S07位置7二维码[12],INT,,0,,,,,
,S07位置7二维码[13],INT,,0,,,,,
,S07位置7二维码[14],INT,,0,,,,,
,S07位置7二维码[15],INT,,0,,,,,
,S07位置7二维码[16],INT,,0,,,,,
,S07位置7二维码[17],INT,,0,,,,,
,S07位置7二维码[18],INT,,0,,,,,
,S07位置7二维码[19],INT,,0,,,,,
,S07位置7二维码[20],INT,,0,,,,,
,S07位置7二维码[21],INT,,0,,,,,
,S07位置7二维码[22],INT,,0,,,,,
,S07位置7二维码[23],INT,,0,,,,,
,S07位置7二维码[24],INT,,0,,,,,
,S07位置7二维码[25],INT,,0,,,,,
,S07位置7二维码[26],INT,,0,,,,,
,S07位置7二维码[27],INT,,0,,,,,
,S07位置7二维码[28],INT,,0,,,,,
,S07位置7二维码[29],INT,,0,,,,,
,S07位置7二维码[30],INT,,0,,,,,
,S07位置7二维码[31],INT,,0,,,,,
,S07位置7二维码[32],INT,,0,,,,,
,S07位置7二维码[33],INT,,0,,,,,
,S07位置7二维码[34],INT,,0,,,,,
,S07位置7二维码[35],INT,,0,,,,,
,S07位置7二维码[36],INT,,0,,,,,
,S07位置7二维码[37],INT,,0,,,,,
,S07位置7二维码[38],INT,,0,,,,,
,S07位置7二维码[39],INT,,0,,,,,
,S07位置7二维码[40],INT,,0,,,,,
,S07位置7二维码[41],INT,,0,,,,,
,S07位置7二维码[42],INT,,0,,,,,
,S07位置7二维码[43],INT,,0,,,,,
,S07位置7二维码[44],INT,,0,,,,,
,S07位置7二维码[45],INT,,0,,,,,
,S07位置7二维码[46],INT,,0,,,,,
,S07位置7二维码[47],INT,,0,,,,,
,S07位置7二维码[48],INT,,0,,,,,
,S07位置7二维码[49],INT,,0,,,,,
,S07位置7二维码[50],INT,,0,,,,,
,S07位置7二维码[51],INT,,0,,,,,
,S07位置7二维码[52],INT,,0,,,,,
,S07位置7二维码[53],INT,,0,,,,,
,S07位置7二维码[54],INT,,0,,,,,
,S07位置7二维码[55],INT,,0,,,,,
,S07位置7二维码[56],INT,,0,,,,,
,S07位置7二维码[57],INT,,0,,,,,
,S07位置7二维码[58],INT,,0,,,,,
,S07位置7二维码[59],INT,,0,,,,,
,S07位置7二维码[60],INT,,0,,,,,
,S07位置7二维码[61],INT,,0,,,,,
,S07位置7二维码[62],INT,,0,,,,,
,S07位置7二维码[63],INT,,0,,,,,
,S07位置7二维码[64],INT,,0,,,,,
,S07位置7二维码[65],INT,,0,,,,,
,S07位置7二维码[66],INT,,0,,,,,
,S07位置7二维码[67],INT,,0,,,,,
,S07位置7二维码[68],INT,,0,,,,,
,S07位置7二维码[69],INT,,0,,,,,
,S07位置7二维码[70],INT,,0,,,,,
,S07位置7二维码[71],INT,,0,,,,,
,S07位置7二维码[72],INT,,0,,,,,
,S07位置7二维码[73],INT,,0,,,,,
,S07位置7二维码[74],INT,,0,,,,,
,S07位置7二维码[75],INT,,0,,,,,
,S07位置7二维码[76],INT,,0,,,,,
,S07位置7二维码[77],INT,,0,,,,,
,S07位置7二维码[78],INT,,0,,,,,
,S07位置7二维码[79],INT,,0,,,,,
,S07位置7二维码[80],INT,,0,,,,,
,S07位置7二维码[81],INT,,0,,,,,
,S07位置7二维码[82],INT,,0,,,,,
,S07位置7二维码[83],INT,,0,,,,,
,S07位置7二维码[84],INT,,0,,,,,
,S07位置7二维码[85],INT,,0,,,,,
,S07位置7二维码[86],INT,,0,,,,,
,S07位置7二维码[87],INT,,0,,,,,
,S07位置7二维码[88],INT,,0,,,,,
,S07位置7二维码[89],INT,,0,,,,,
,S07位置7二维码[90],INT,,0,,,,,
,S07位置7二维码[91],INT,,0,,,,,
,S07位置7二维码[92],INT,,0,,,,,
,S07位置7二维码[93],INT,,0,,,,,
,S07位置7二维码[94],INT,,0,,,,,
,S07位置7二维码[95],INT,,0,,,,,
,S07位置7二维码[96],INT,,0,,,,,
,S07位置7二维码[97],INT,,0,,,,,
,S07位置7二维码[98],INT,,0,,,,,
,S07位置7二维码[99],INT,,0,,,,,
144,S07位置8二维码,INT[100],,...,保持,公有,PLC-PC,,
,S07位置8二维码[0],INT,,0,,,,,
,S07位置8二维码[1],INT,,0,,,,,
,S07位置8二维码[2],INT,,0,,,,,
,S07位置8二维码[3],INT,,0,,,,,
,S07位置8二维码[4],INT,,0,,,,,
,S07位置8二维码[5],INT,,0,,,,,
,S07位置8二维码[6],INT,,0,,,,,
,S07位置8二维码[7],INT,,0,,,,,
,S07位置8二维码[8],INT,,0,,,,,
,S07位置8二维码[9],INT,,0,,,,,
,S07位置8二维码[10],INT,,0,,,,,
,S07位置8二维码[11],INT,,0,,,,,
,S07位置8二维码[12],INT,,0,,,,,
,S07位置8二维码[13],INT,,0,,,,,
,S07位置8二维码[14],INT,,0,,,,,
,S07位置8二维码[15],INT,,0,,,,,
,S07位置8二维码[16],INT,,0,,,,,
,S07位置8二维码[17],INT,,0,,,,,
,S07位置8二维码[18],INT,,0,,,,,
,S07位置8二维码[19],INT,,0,,,,,
,S07位置8二维码[20],INT,,0,,,,,
,S07位置8二维码[21],INT,,0,,,,,
,S07位置8二维码[22],INT,,0,,,,,
,S07位置8二维码[23],INT,,0,,,,,
,S07位置8二维码[24],INT,,0,,,,,
,S07位置8二维码[25],INT,,0,,,,,
,S07位置8二维码[26],INT,,0,,,,,
,S07位置8二维码[27],INT,,0,,,,,
,S07位置8二维码[28],INT,,0,,,,,
,S07位置8二维码[29],INT,,0,,,,,
,S07位置8二维码[30],INT,,0,,,,,
,S07位置8二维码[31],INT,,0,,,,,
,S07位置8二维码[32],INT,,0,,,,,
,S07位置8二维码[33],INT,,0,,,,,
,S07位置8二维码[34],INT,,0,,,,,
,S07位置8二维码[35],INT,,0,,,,,
,S07位置8二维码[36],INT,,0,,,,,
,S07位置8二维码[37],INT,,0,,,,,
,S07位置8二维码[38],INT,,0,,,,,
,S07位置8二维码[39],INT,,0,,,,,
,S07位置8二维码[40],INT,,0,,,,,
,S07位置8二维码[41],INT,,0,,,,,
,S07位置8二维码[42],INT,,0,,,,,
,S07位置8二维码[43],INT,,0,,,,,
,S07位置8二维码[44],INT,,0,,,,,
,S07位置8二维码[45],INT,,0,,,,,
,S07位置8二维码[46],INT,,0,,,,,
,S07位置8二维码[47],INT,,0,,,,,
,S07位置8二维码[48],INT,,0,,,,,
,S07位置8二维码[49],INT,,0,,,,,
,S07位置8二维码[50],INT,,0,,,,,
,S07位置8二维码[51],INT,,0,,,,,
,S07位置8二维码[52],INT,,0,,,,,
,S07位置8二维码[53],INT,,0,,,,,
,S07位置8二维码[54],INT,,0,,,,,
,S07位置8二维码[55],INT,,0,,,,,
,S07位置8二维码[56],INT,,0,,,,,
,S07位置8二维码[57],INT,,0,,,,,
,S07位置8二维码[58],INT,,0,,,,,
,S07位置8二维码[59],INT,,0,,,,,
,S07位置8二维码[60],INT,,0,,,,,
,S07位置8二维码[61],INT,,0,,,,,
,S07位置8二维码[62],INT,,0,,,,,
,S07位置8二维码[63],INT,,0,,,,,
,S07位置8二维码[64],INT,,0,,,,,
,S07位置8二维码[65],INT,,0,,,,,
,S07位置8二维码[66],INT,,0,,,,,
,S07位置8二维码[67],INT,,0,,,,,
,S07位置8二维码[68],INT,,0,,,,,
,S07位置8二维码[69],INT,,0,,,,,
,S07位置8二维码[70],INT,,0,,,,,
,S07位置8二维码[71],INT,,0,,,,,
,S07位置8二维码[72],INT,,0,,,,,
,S07位置8二维码[73],INT,,0,,,,,
,S07位置8二维码[74],INT,,0,,,,,
,S07位置8二维码[75],INT,,0,,,,,
,S07位置8二维码[76],INT,,0,,,,,
,S07位置8二维码[77],INT,,0,,,,,
,S07位置8二维码[78],INT,,0,,,,,
,S07位置8二维码[79],INT,,0,,,,,
,S07位置8二维码[80],INT,,0,,,,,
,S07位置8二维码[81],INT,,0,,,,,
,S07位置8二维码[82],INT,,0,,,,,
,S07位置8二维码[83],INT,,0,,,,,
,S07位置8二维码[84],INT,,0,,,,,
,S07位置8二维码[85],INT,,0,,,,,
,S07位置8二维码[86],INT,,0,,,,,
,S07位置8二维码[87],INT,,0,,,,,
,S07位置8二维码[88],INT,,0,,,,,
,S07位置8二维码[89],INT,,0,,,,,
,S07位置8二维码[90],INT,,0,,,,,
,S07位置8二维码[91],INT,,0,,,,,
,S07位置8二维码[92],INT,,0,,,,,
,S07位置8二维码[93],INT,,0,,,,,
,S07位置8二维码[94],INT,,0,,,,,
,S07位置8二维码[95],INT,,0,,,,,
,S07位置8二维码[96],INT,,0,,,,,
,S07位置8二维码[97],INT,,0,,,,,
,S07位置8二维码[98],INT,,0,,,,,
,S07位置8二维码[99],INT,,0,,,,,
145,S07位置9二维码,INT[100],,...,保持,公有,PLC-PC,,
,S07位置9二维码[0],INT,,0,,,,,
,S07位置9二维码[1],INT,,0,,,,,
,S07位置9二维码[2],INT,,0,,,,,
,S07位置9二维码[3],INT,,0,,,,,
,S07位置9二维码[4],INT,,0,,,,,
,S07位置9二维码[5],INT,,0,,,,,
,S07位置9二维码[6],INT,,0,,,,,
,S07位置9二维码[7],INT,,0,,,,,
,S07位置9二维码[8],INT,,0,,,,,
,S07位置9二维码[9],INT,,0,,,,,
,S07位置9二维码[10],INT,,0,,,,,
,S07位置9二维码[11],INT,,0,,,,,
,S07位置9二维码[12],INT,,0,,,,,
,S07位置9二维码[13],INT,,0,,,,,
,S07位置9二维码[14],INT,,0,,,,,
,S07位置9二维码[15],INT,,0,,,,,
,S07位置9二维码[16],INT,,0,,,,,
,S07位置9二维码[17],INT,,0,,,,,
,S07位置9二维码[18],INT,,0,,,,,
,S07位置9二维码[19],INT,,0,,,,,
,S07位置9二维码[20],INT,,0,,,,,
,S07位置9二维码[21],INT,,0,,,,,
,S07位置9二维码[22],INT,,0,,,,,
,S07位置9二维码[23],INT,,0,,,,,
,S07位置9二维码[24],INT,,0,,,,,
,S07位置9二维码[25],INT,,0,,,,,
,S07位置9二维码[26],INT,,0,,,,,
,S07位置9二维码[27],INT,,0,,,,,
,S07位置9二维码[28],INT,,0,,,,,
,S07位置9二维码[29],INT,,0,,,,,
,S07位置9二维码[30],INT,,0,,,,,
,S07位置9二维码[31],INT,,0,,,,,
,S07位置9二维码[32],INT,,0,,,,,
,S07位置9二维码[33],INT,,0,,,,,
,S07位置9二维码[34],INT,,0,,,,,
,S07位置9二维码[35],INT,,0,,,,,
,S07位置9二维码[36],INT,,0,,,,,
,S07位置9二维码[37],INT,,0,,,,,
,S07位置9二维码[38],INT,,0,,,,,
,S07位置9二维码[39],INT,,0,,,,,
,S07位置9二维码[40],INT,,0,,,,,
,S07位置9二维码[41],INT,,0,,,,,
,S07位置9二维码[42],INT,,0,,,,,
,S07位置9二维码[43],INT,,0,,,,,
,S07位置9二维码[44],INT,,0,,,,,
,S07位置9二维码[45],INT,,0,,,,,
,S07位置9二维码[46],INT,,0,,,,,
,S07位置9二维码[47],INT,,0,,,,,
,S07位置9二维码[48],INT,,0,,,,,
,S07位置9二维码[49],INT,,0,,,,,
,S07位置9二维码[50],INT,,0,,,,,
,S07位置9二维码[51],INT,,0,,,,,
,S07位置9二维码[52],INT,,0,,,,,
,S07位置9二维码[53],INT,,0,,,,,
,S07位置9二维码[54],INT,,0,,,,,
,S07位置9二维码[55],INT,,0,,,,,
,S07位置9二维码[56],INT,,0,,,,,
,S07位置9二维码[57],INT,,0,,,,,
,S07位置9二维码[58],INT,,0,,,,,
,S07位置9二维码[59],INT,,0,,,,,
,S07位置9二维码[60],INT,,0,,,,,
,S07位置9二维码[61],INT,,0,,,,,
,S07位置9二维码[62],INT,,0,,,,,
,S07位置9二维码[63],INT,,0,,,,,
,S07位置9二维码[64],INT,,0,,,,,
,S07位置9二维码[65],INT,,0,,,,,
,S07位置9二维码[66],INT,,0,,,,,
,S07位置9二维码[67],INT,,0,,,,,
,S07位置9二维码[68],INT,,0,,,,,
,S07位置9二维码[69],INT,,0,,,,,
,S07位置9二维码[70],INT,,0,,,,,
,S07位置9二维码[71],INT,,0,,,,,
,S07位置9二维码[72],INT,,0,,,,,
,S07位置9二维码[73],INT,,0,,,,,
,S07位置9二维码[74],INT,,0,,,,,
,S07位置9二维码[75],INT,,0,,,,,
,S07位置9二维码[76],INT,,0,,,,,
,S07位置9二维码[77],INT,,0,,,,,
,S07位置9二维码[78],INT,,0,,,,,
,S07位置9二维码[79],INT,,0,,,,,
,S07位置9二维码[80],INT,,0,,,,,
,S07位置9二维码[81],INT,,0,,,,,
,S07位置9二维码[82],INT,,0,,,,,
,S07位置9二维码[83],INT,,0,,,,,
,S07位置9二维码[84],INT,,0,,,,,
,S07位置9二维码[85],INT,,0,,,,,
,S07位置9二维码[86],INT,,0,,,,,
,S07位置9二维码[87],INT,,0,,,,,
,S07位置9二维码[88],INT,,0,,,,,
,S07位置9二维码[89],INT,,0,,,,,
,S07位置9二维码[90],INT,,0,,,,,
,S07位置9二维码[91],INT,,0,,,,,
,S07位置9二维码[92],INT,,0,,,,,
,S07位置9二维码[93],INT,,0,,,,,
,S07位置9二维码[94],INT,,0,,,,,
,S07位置9二维码[95],INT,,0,,,,,
,S07位置9二维码[96],INT,,0,,,,,
,S07位置9二维码[97],INT,,0,,,,,
,S07位置9二维码[98],INT,,0,,,,,
,S07位置9二维码[99],INT,,0,,,,,
146,S07位置10二维码,INT[100],,...,保持,公有,PLC-PC,,
,S07位置10二维码[0],INT,,0,,,,,
,S07位置10二维码[1],INT,,0,,,,,
,S07位置10二维码[2],INT,,0,,,,,
,S07位置10二维码[3],INT,,0,,,,,
,S07位置10二维码[4],INT,,0,,,,,
,S07位置10二维码[5],INT,,0,,,,,
,S07位置10二维码[6],INT,,0,,,,,
,S07位置10二维码[7],INT,,0,,,,,
,S07位置10二维码[8],INT,,0,,,,,
,S07位置10二维码[9],INT,,0,,,,,
,S07位置10二维码[10],INT,,0,,,,,
,S07位置10二维码[11],INT,,0,,,,,
,S07位置10二维码[12],INT,,0,,,,,
,S07位置10二维码[13],INT,,0,,,,,
,S07位置10二维码[14],INT,,0,,,,,
,S07位置10二维码[15],INT,,0,,,,,
,S07位置10二维码[16],INT,,0,,,,,
,S07位置10二维码[17],INT,,0,,,,,
,S07位置10二维码[18],INT,,0,,,,,
,S07位置10二维码[19],INT,,0,,,,,
,S07位置10二维码[20],INT,,0,,,,,
,S07位置10二维码[21],INT,,0,,,,,
,S07位置10二维码[22],INT,,0,,,,,
,S07位置10二维码[23],INT,,0,,,,,
,S07位置10二维码[24],INT,,0,,,,,
,S07位置10二维码[25],INT,,0,,,,,
,S07位置10二维码[26],INT,,0,,,,,
,S07位置10二维码[27],INT,,0,,,,,
,S07位置10二维码[28],INT,,0,,,,,
,S07位置10二维码[29],INT,,0,,,,,
,S07位置10二维码[30],INT,,0,,,,,
,S07位置10二维码[31],INT,,0,,,,,
,S07位置10二维码[32],INT,,0,,,,,
,S07位置10二维码[33],INT,,0,,,,,
,S07位置10二维码[34],INT,,0,,,,,
,S07位置10二维码[35],INT,,0,,,,,
,S07位置10二维码[36],INT,,0,,,,,
,S07位置10二维码[37],INT,,0,,,,,
,S07位置10二维码[38],INT,,0,,,,,
,S07位置10二维码[39],INT,,0,,,,,
,S07位置10二维码[40],INT,,0,,,,,
,S07位置10二维码[41],INT,,0,,,,,
,S07位置10二维码[42],INT,,0,,,,,
,S07位置10二维码[43],INT,,0,,,,,
,S07位置10二维码[44],INT,,0,,,,,
,S07位置10二维码[45],INT,,0,,,,,
,S07位置10二维码[46],INT,,0,,,,,
,S07位置10二维码[47],INT,,0,,,,,
,S07位置10二维码[48],INT,,0,,,,,
,S07位置10二维码[49],INT,,0,,,,,
,S07位置10二维码[50],INT,,0,,,,,
,S07位置10二维码[51],INT,,0,,,,,
,S07位置10二维码[52],INT,,0,,,,,
,S07位置10二维码[53],INT,,0,,,,,
,S07位置10二维码[54],INT,,0,,,,,
,S07位置10二维码[55],INT,,0,,,,,
,S07位置10二维码[56],INT,,0,,,,,
,S07位置10二维码[57],INT,,0,,,,,
,S07位置10二维码[58],INT,,0,,,,,
,S07位置10二维码[59],INT,,0,,,,,
,S07位置10二维码[60],INT,,0,,,,,
,S07位置10二维码[61],INT,,0,,,,,
,S07位置10二维码[62],INT,,0,,,,,
,S07位置10二维码[63],INT,,0,,,,,
,S07位置10二维码[64],INT,,0,,,,,
,S07位置10二维码[65],INT,,0,,,,,
,S07位置10二维码[66],INT,,0,,,,,
,S07位置10二维码[67],INT,,0,,,,,
,S07位置10二维码[68],INT,,0,,,,,
,S07位置10二维码[69],INT,,0,,,,,
,S07位置10二维码[70],INT,,0,,,,,
,S07位置10二维码[71],INT,,0,,,,,
,S07位置10二维码[72],INT,,0,,,,,
,S07位置10二维码[73],INT,,0,,,,,
,S07位置10二维码[74],INT,,0,,,,,
,S07位置10二维码[75],INT,,0,,,,,
,S07位置10二维码[76],INT,,0,,,,,
,S07位置10二维码[77],INT,,0,,,,,
,S07位置10二维码[78],INT,,0,,,,,
,S07位置10二维码[79],INT,,0,,,,,
,S07位置10二维码[80],INT,,0,,,,,
,S07位置10二维码[81],INT,,0,,,,,
,S07位置10二维码[82],INT,,0,,,,,
,S07位置10二维码[83],INT,,0,,,,,
,S07位置10二维码[84],INT,,0,,,,,
,S07位置10二维码[85],INT,,0,,,,,
,S07位置10二维码[86],INT,,0,,,,,
,S07位置10二维码[87],INT,,0,,,,,
,S07位置10二维码[88],INT,,0,,,,,
,S07位置10二维码[89],INT,,0,,,,,
,S07位置10二维码[90],INT,,0,,,,,
,S07位置10二维码[91],INT,,0,,,,,
,S07位置10二维码[92],INT,,0,,,,,
,S07位置10二维码[93],INT,,0,,,,,
,S07位置10二维码[94],INT,,0,,,,,
,S07位置10二维码[95],INT,,0,,,,,
,S07位置10二维码[96],INT,,0,,,,,
,S07位置10二维码[97],INT,,0,,,,,
,S07位置10二维码[98],INT,,0,,,,,
,S07位置10二维码[99],INT,,0,,,,,
